Time,Humidity,Atmospheric_Temp,Soil_Temp,Soil_Moisture,Rainfall,Dew_Point
2026-01-01 01:00:00+00:00,85,15.0,14.3,0.416,0.0,12.0
2026-01-01 02:00:00+00:00,79,15.5,14.2,0.416,0.0,11.3
2026-01-01 03:00:00+00:00,77,15.5,14.2,0.416,0.0,10.9
2026-01-01 04:00:00+00:00,78,16.1,14.1,0.416,0.0,11.700000000000001
2026-01-01 05:00:00+00:00,79,15.9,14.1,0.416,0.6,11.7
2026-01-01 06:00:00+00:00,82,15.7,14.1,0.416,0.0,12.1
2026-01-01 07:00:00+00:00,82,16.1,14.2,0.416,0.0,12.500000000000002
2026-01-01 08:00:00+00:00,84,15.7,14.2,0.416,0.5,12.5
2026-01-01 09:00:00+00:00,87,15.4,14.3,0.417,4.1,12.8
2026-01-01 10:00:00+00:00,91,15.1,14.2,0.426,2.2,13.299999999999999
2026-01-01 11:00:00+00:00,92,15.6,14.3,0.425,0.6,14.0
2026-01-01 12:00:00+00:00,91,15.8,14.3,0.425,2.1,14.0
2026-01-01 13:00:00+00:00,92,15.4,14.4,0.433,9.0,13.8
2026-01-01 14:00:00+00:00,95,15.2,14.4,0.434,3.1,14.2
2026-01-01 15:00:00+00:00,97,15.0,14.4,0.431,0.4,14.4
2026-01-01 16:00:00+00:00,98,14.9,14.4,0.429,0.0,14.5
2026-01-01 17:00:00+00:00,98,15.2,14.5,0.428,0.0,14.799999999999999
2026-01-01 18:00:00+00:00,98,16.0,14.9,0.427,0.0,15.6
2026-01-01 19:00:00+00:00,94,16.5,15.6,0.426,0.0,15.3
2026-01-01 20:00:00+00:00,92,16.4,16.0,0.426,0.0,14.799999999999999
2026-01-01 21:00:00+00:00,90,16.7,16.8,0.425,0.0,14.7
2026-01-01 22:00:00+00:00,90,16.6,16.8,0.424,0.0,14.600000000000001
2026-01-01 23:00:00+00:00,90,16.4,16.5,0.423,0.0,14.399999999999999
2026-01-02 00:00:00+00:00,91,16.3,16.3,0.423,0.0,14.5
2026-01-02 01:00:00+00:00,91,15.8,15.9,0.423,0.0,14.0
2026-01-02 02:00:00+00:00,91,15.2,15.5,0.423,0.0,13.399999999999999
2026-01-02 03:00:00+00:00,91,14.7,15.1,0.423,0.0,12.899999999999999
2026-01-02 04:00:00+00:00,93,13.4,14.3,0.423,0.0,12.0
2026-01-02 05:00:00+00:00,96,12.8,13.8,0.423,0.0,12.0
2026-01-02 06:00:00+00:00,97,12.1,13.4,0.423,0.0,11.5
2026-01-02 07:00:00+00:00,98,11.7,13.2,0.423,0.0,11.299999999999999
2026-01-02 08:00:00+00:00,99,11.7,12.9,0.423,0.0,11.5
2026-01-02 09:00:00+00:00,99,11.0,12.6,0.423,0.0,10.8
2026-01-02 10:00:00+00:00,99,10.4,12.4,0.424,0.0,10.200000000000001
2026-01-02 11:00:00+00:00,99,9.9,12.2,0.423,0.0,9.700000000000001
2026-01-02 12:00:00+00:00,99,9.6,12.1,0.424,0.0,9.4
2026-01-02 13:00:00+00:00,99,9.3,11.9,0.424,0.0,9.100000000000001
2026-01-02 14:00:00+00:00,99,9.2,11.8,0.424,0.0,9.0
2026-01-02 15:00:00+00:00,99,9.6,11.8,0.424,0.0,9.4
2026-01-02 16:00:00+00:00,97,10.3,12.2,0.424,0.0,9.700000000000001
2026-01-02 17:00:00+00:00,94,12.8,12.9,0.424,0.0,11.600000000000001
2026-01-02 18:00:00+00:00,88,15.2,13.7,0.424,0.0,12.799999999999999
2026-01-02 19:00:00+00:00,81,16.2,14.4,0.423,0.0,12.399999999999999
2026-01-02 20:00:00+00:00,77,16.9,15.2,0.423,0.0,12.299999999999999
2026-01-02 21:00:00+00:00,76,17.4,16.0,0.423,0.0,12.599999999999998
2026-01-02 22:00:00+00:00,77,17.4,16.1,0.422,0.0,12.799999999999999
2026-01-02 23:00:00+00:00,80,16.7,15.7,0.422,0.0,12.7
2026-01-03 00:00:00+00:00,87,15.5,15.3,0.422,0.0,12.9
2026-01-03 01:00:00+00:00,91,15.6,15.1,0.422,0.6,13.799999999999999
2026-01-03 02:00:00+00:00,94,15.2,14.9,0.424,1.8,14.0
2026-01-03 03:00:00+00:00,96,15.2,14.8,0.424,0.0,14.399999999999999
2026-01-03 04:00:00+00:00,98,14.9,14.6,0.424,0.0,14.5
2026-01-03 05:00:00+00:00,98,14.7,14.5,0.424,0.0,14.299999999999999
2026-01-03 06:00:00+00:00,98,14.7,14.4,0.424,0.0,14.299999999999999
2026-01-03 07:00:00+00:00,97,14.9,14.3,0.424,0.0,14.3
2026-01-03 08:00:00+00:00,96,15.5,14.5,0.424,0.0,14.7
2026-01-03 09:00:00+00:00,95,15.6,14.5,0.424,0.0,14.6
2026-01-03 10:00:00+00:00,95,15.6,14.6,0.423,0.0,14.6
2026-01-03 11:00:00+00:00,94,15.6,14.6,0.424,0.0,14.4
2026-01-03 12:00:00+00:00,95,15.4,14.6,0.424,2.7,14.4
2026-01-03 13:00:00+00:00,95,14.8,14.6,0.429,4.7,13.8
2026-01-03 14:00:00+00:00,96,14.4,14.5,0.431,2.7,13.6
2026-01-03 15:00:00+00:00,96,14.3,14.5,0.431,1.4,13.5
2026-01-03 16:00:00+00:00,96,14.3,14.5,0.431,2.3,13.5
2026-01-03 17:00:00+00:00,96,14.5,14.5,0.43,0.3,13.7
2026-01-03 18:00:00+00:00,95,14.6,14.5,0.431,4.3,13.6
2026-01-03 19:00:00+00:00,95,14.4,14.4,0.443,27.7,13.4
2026-01-03 20:00:00+00:00,96,14.3,14.3,0.446,16.0,13.5
2026-01-03 21:00:00+00:00,96,14.8,14.6,0.445,1.6,14.0
2026-01-03 22:00:00+00:00,95,15.8,15.3,0.442,0.0,14.8
2026-01-03 23:00:00+00:00,93,16.6,15.6,0.436,0.0,15.200000000000001
2026-01-04 00:00:00+00:00,91,16.2,15.6,0.434,0.0,14.399999999999999
2026-01-04 01:00:00+00:00,91,15.8,15.4,0.432,0.0,14.0
2026-01-04 02:00:00+00:00,92,15.3,15.2,0.431,0.0,13.700000000000001
2026-01-04 03:00:00+00:00,94,15.0,15.1,0.43,0.0,13.8
2026-01-04 04:00:00+00:00,95,14.3,14.8,0.43,0.0,13.3
2026-01-04 05:00:00+00:00,96,14.1,14.6,0.43,0.0,13.299999999999999
2026-01-04 06:00:00+00:00,97,14.1,14.5,0.43,0.0,13.5
2026-01-04 07:00:00+00:00,98,14.4,14.6,0.43,0.0,14.0
2026-01-04 08:00:00+00:00,97,14.2,14.6,0.43,0.5,13.6
2026-01-04 09:00:00+00:00,96,14.5,14.6,0.43,0.8,13.7
2026-01-04 10:00:00+00:00,96,14.1,14.6,0.43,0.0,13.299999999999999
2026-01-04 11:00:00+00:00,97,13.8,14.6,0.43,1.1,13.200000000000001
2026-01-04 12:00:00+00:00,98,13.3,14.5,0.431,0.0,12.9
2026-01-04 13:00:00+00:00,98,13.3,14.4,0.43,0.0,12.9
2026-01-04 14:00:00+00:00,98,13.2,14.3,0.43,0.0,12.799999999999999
2026-01-04 15:00:00+00:00,98,12.9,14.1,0.43,0.0,12.5
2026-01-04 16:00:00+00:00,98,12.8,14.1,0.43,0.0,12.4
2026-01-04 17:00:00+00:00,98,13.2,14.3,0.43,0.0,12.799999999999999
2026-01-04 18:00:00+00:00,97,14.3,14.8,0.43,0.0,13.700000000000001
2026-01-04 19:00:00+00:00,94,15.6,15.2,0.429,0.0,14.4
2026-01-04 20:00:00+00:00,91,15.7,15.4,0.429,0.0,13.899999999999999
2026-01-04 21:00:00+00:00,88,15.6,15.5,0.428,0.0,13.2
2026-01-04 22:00:00+00:00,86,16.0,15.8,0.428,0.0,13.2
2026-01-04 23:00:00+00:00,86,16.1,16.1,0.428,0.0,13.3
2026-01-05 00:00:00+00:00,87,14.4,15.4,0.431,5.3,11.8
2026-01-05 01:00:00+00:00,91,13.5,15.2,0.433,0.2,11.7
2026-01-05 02:00:00+00:00,93,13.0,14.9,0.431,0.0,11.6
2026-01-05 03:00:00+00:00,95,12.0,14.3,0.43,0.0,11.0
2026-01-05 04:00:00+00:00,97,11.0,13.8,0.431,0.0,10.4
2026-01-05 05:00:00+00:00,99,10.2,13.4,0.43,0.0,10.0
2026-01-05 06:00:00+00:00,99,9.5,13.1,0.431,0.0,9.3
2026-01-05 07:00:00+00:00,99,9.2,12.9,0.43,0.0,9.0
2026-01-05 08:00:00+00:00,99,8.9,12.7,0.43,0.0,8.700000000000001
2026-01-05 09:00:00+00:00,99,8.5,12.5,0.43,0.0,8.3
2026-01-05 10:00:00+00:00,99,8.1,12.3,0.43,0.0,7.8999999999999995
2026-01-05 11:00:00+00:00,100,8.0,12.2,0.43,0.0,8.0
2026-01-05 12:00:00+00:00,100,7.9,12.0,0.431,0.0,7.9
2026-01-05 13:00:00+00:00,100,7.6,11.8,0.43,0.0,7.6
2026-01-05 14:00:00+00:00,100,7.2,11.7,0.43,0.0,7.2
2026-01-05 15:00:00+00:00,100,8.2,12.1,0.431,0.0,8.2
2026-01-05 16:00:00+00:00,100,9.4,12.2,0.431,0.0,9.4
2026-01-05 17:00:00+00:00,98,11.9,12.8,0.43,0.0,11.5
2026-01-05 18:00:00+00:00,93,14.2,13.7,0.43,0.0,12.799999999999999
2026-01-05 19:00:00+00:00,87,15.0,14.8,0.43,0.0,12.4
2026-01-05 20:00:00+00:00,81,15.3,15.4,0.429,0.0,11.5
2026-01-05 21:00:00+00:00,79,15.2,15.4,0.428,0.0,11.0
2026-01-05 22:00:00+00:00,79,15.0,15.0,0.428,0.0,10.8
2026-01-05 23:00:00+00:00,79,15.1,15.1,0.428,0.0,10.899999999999999
2026-01-06 00:00:00+00:00,79,15.2,14.9,0.428,0.0,11.0
2026-01-06 01:00:00+00:00,80,14.9,14.5,0.428,0.0,10.9
2026-01-06 02:00:00+00:00,82,14.4,14.0,0.427,0.0,10.8
2026-01-06 03:00:00+00:00,83,14.7,14.1,0.427,0.0,11.299999999999999
2026-01-06 04:00:00+00:00,83,14.8,14.0,0.427,0.0,11.4
2026-01-06 05:00:00+00:00,83,14.4,13.8,0.427,0.0,11.0
2026-01-06 06:00:00+00:00,86,13.8,13.9,0.427,0.0,11.0
2026-01-06 07:00:00+00:00,87,13.7,13.9,0.427,0.0,11.1
2026-01-06 08:00:00+00:00,90,13.6,13.8,0.427,0.5,11.6
2026-01-06 09:00:00+00:00,90,13.0,13.5,0.427,0.0,11.0
2026-01-06 10:00:00+00:00,90,12.2,13.2,0.427,0.0,10.2
2026-01-06 11:00:00+00:00,89,12.2,13.1,0.427,0.0,10.0
2026-01-06 12:00:00+00:00,89,11.1,12.8,0.428,0.0,8.899999999999999
2026-01-06 13:00:00+00:00,89,11.3,12.7,0.428,0.0,9.100000000000001
2026-01-06 14:00:00+00:00,90,10.8,12.6,0.428,0.0,8.8
2026-01-06 15:00:00+00:00,90,11.0,12.6,0.428,0.0,9.0
2026-01-06 16:00:00+00:00,90,11.2,12.4,0.428,0.0,9.2
2026-01-06 17:00:00+00:00,88,12.3,12.9,0.427,0.0,9.9
2026-01-06 18:00:00+00:00,82,15.2,13.8,0.427,0.0,11.6
2026-01-06 19:00:00+00:00,76,16.6,14.9,0.427,0.0,11.8
2026-01-06 20:00:00+00:00,75,16.9,16.0,0.427,0.0,11.899999999999999
2026-01-06 21:00:00+00:00,75,16.8,16.3,0.426,0.0,11.8
2026-01-06 22:00:00+00:00,74,17.0,17.1,0.425,0.0,11.8
2026-01-06 23:00:00+00:00,75,16.6,16.7,0.425,0.0,11.600000000000001
2026-01-07 00:00:00+00:00,76,16.1,16.0,0.425,0.0,11.3
2026-01-07 01:00:00+00:00,75,16.0,15.3,0.424,0.0,11.0
2026-01-07 02:00:00+00:00,78,14.5,14.0,0.424,0.0,10.1
2026-01-07 03:00:00+00:00,81,12.7,13.1,0.424,0.0,8.899999999999999
2026-01-07 04:00:00+00:00,86,11.9,12.6,0.423,0.0,9.100000000000001
2026-01-07 05:00:00+00:00,91,11.1,12.6,0.423,0.0,9.299999999999999
2026-01-07 06:00:00+00:00,93,11.3,12.4,0.424,0.0,9.9
2026-01-07 07:00:00+00:00,92,11.4,12.2,0.423,0.0,9.8
2026-01-07 08:00:00+00:00,92,10.1,11.6,0.424,0.0,8.5
2026-01-07 09:00:00+00:00,94,9.4,11.5,0.424,0.0,8.200000000000001
2026-01-07 10:00:00+00:00,95,8.8,11.0,0.424,0.0,7.800000000000001
2026-01-07 11:00:00+00:00,95,8.2,11.0,0.424,0.0,7.199999999999999
2026-01-07 12:00:00+00:00,95,8.3,10.8,0.425,0.0,7.300000000000001
2026-01-07 13:00:00+00:00,95,8.0,10.7,0.425,0.0,7.0
2026-01-07 14:00:00+00:00,95,7.5,10.4,0.425,0.0,6.5
2026-01-07 15:00:00+00:00,95,7.6,10.2,0.425,0.0,6.6
2026-01-07 16:00:00+00:00,95,7.5,10.4,0.425,0.0,6.5
2026-01-07 17:00:00+00:00,91,11.9,11.8,0.425,0.0,10.1
2026-01-07 18:00:00+00:00,81,15.2,13.0,0.425,0.0,11.399999999999999
2026-01-07 19:00:00+00:00,76,16.2,14.0,0.424,0.0,11.399999999999999
2026-01-07 20:00:00+00:00,76,16.7,15.4,0.424,0.0,11.899999999999999
2026-01-07 21:00:00+00:00,70,17.8,16.3,0.423,0.0,11.8
2026-01-07 22:00:00+00:00,54,19.4,16.5,0.421,0.0,10.2
2026-01-07 23:00:00+00:00,57,18.9,15.9,0.421,0.0,10.299999999999999
2026-01-08 00:00:00+00:00,47,19.0,15.1,0.421,0.0,8.4
2026-01-08 01:00:00+00:00,57,17.4,14.3,0.421,0.0,8.799999999999999
2026-01-08 02:00:00+00:00,67,15.2,13.2,0.421,0.0,8.6
2026-01-08 03:00:00+00:00,67,14.1,12.6,0.422,0.0,7.5
2026-01-08 04:00:00+00:00,71,13.1,12.0,0.421,0.0,7.3
2026-01-08 05:00:00+00:00,71,12.6,11.3,0.422,0.0,6.8
2026-01-08 06:00:00+00:00,74,11.4,10.7,0.422,0.0,6.2
2026-01-08 07:00:00+00:00,74,12.6,11.4,0.422,0.0,7.3999999999999995
2026-01-08 08:00:00+00:00,72,12.2,11.1,0.423,0.0,6.6
2026-01-08 09:00:00+00:00,74,10.7,10.5,0.423,0.0,5.499999999999999
2026-01-08 10:00:00+00:00,75,11.4,10.8,0.423,0.0,6.4
2026-01-08 11:00:00+00:00,71,11.8,10.6,0.423,0.0,6.000000000000001
2026-01-08 12:00:00+00:00,60,12.4,10.6,0.422,0.0,4.4
2026-01-08 13:00:00+00:00,53,12.7,10.8,0.422,0.0,3.299999999999999
2026-01-08 14:00:00+00:00,60,12.7,10.9,0.422,0.0,4.699999999999999
2026-01-08 15:00:00+00:00,58,12.9,11.0,0.422,0.0,4.5
2026-01-08 16:00:00+00:00,55,13.2,11.2,0.422,0.0,4.199999999999999
2026-01-08 17:00:00+00:00,52,13.8,11.5,0.422,0.0,4.200000000000001
2026-01-08 18:00:00+00:00,50,14.0,11.6,0.422,0.0,4.0
2026-01-08 19:00:00+00:00,50,14.4,12.3,0.421,0.0,4.4
2026-01-08 20:00:00+00:00,50,15.1,13.2,0.419,0.0,5.1
2026-01-08 21:00:00+00:00,46,15.8,14.0,0.417,0.0,5.0
2026-01-08 22:00:00+00:00,41,16.5,14.8,0.415,0.0,4.699999999999999
2026-01-08 23:00:00+00:00,38,16.6,14.4,0.414,0.0,4.200000000000001
2026-01-09 00:00:00+00:00,31,16.1,13.1,0.414,0.0,2.3000000000000007
2026-01-09 01:00:00+00:00,31,14.8,12.1,0.414,0.0,1.0
2026-01-09 02:00:00+00:00,30,13.7,11.3,0.413,0.0,-0.3000000000000007
2026-01-09 03:00:00+00:00,34,12.2,9.9,0.413,0.0,-1.0
2026-01-09 04:00:00+00:00,46,9.4,9.1,0.414,0.0,-1.4000000000000004
2026-01-09 05:00:00+00:00,53,8.5,8.6,0.415,0.0,-0.9000000000000004
2026-01-09 06:00:00+00:00,59,7.3,8.4,0.415,0.0,-0.8999999999999995
2026-01-09 07:00:00+00:00,55,7.8,7.9,0.415,0.0,-1.2000000000000002
2026-01-09 08:00:00+00:00,58,6.8,7.6,0.415,0.0,-1.6000000000000005
2026-01-09 09:00:00+00:00,66,5.8,7.5,0.415,0.0,-1.0
2026-01-09 10:00:00+00:00,68,5.5,7.4,0.415,0.0,-0.9000000000000004
2026-01-09 11:00:00+00:00,72,5.1,7.4,0.416,0.0,-0.5
2026-01-09 12:00:00+00:00,74,5.0,7.2,0.415,0.0,-0.20000000000000018
2026-01-09 13:00:00+00:00,76,4.8,7.1,0.415,0.0,0.0
2026-01-09 14:00:00+00:00,78,3.6,6.8,0.415,0.0,-0.8000000000000003
2026-01-09 15:00:00+00:00,79,3.8,6.8,0.412,0.0,-0.40000000000000036
2026-01-09 16:00:00+00:00,81,5.0,7.4,0.411,0.0,1.2000000000000002
2026-01-09 17:00:00+00:00,79,9.2,8.8,0.411,0.0,4.999999999999999
2026-01-09 18:00:00+00:00,71,13.5,10.5,0.411,0.0,7.7
2026-01-09 19:00:00+00:00,56,14.5,12.1,0.41,0.0,5.699999999999999
2026-01-09 20:00:00+00:00,54,15.0,13.3,0.409,0.0,5.800000000000001
2026-01-09 21:00:00+00:00,53,15.3,14.5,0.408,0.0,5.9
2026-01-09 22:00:00+00:00,53,15.4,15.0,0.408,0.0,6.0
2026-01-09 23:00:00+00:00,53,15.4,14.7,0.407,0.0,6.0
2026-01-10 00:00:00+00:00,54,14.9,13.7,0.406,0.0,5.700000000000001
2026-01-10 01:00:00+00:00,58,13.9,11.9,0.406,0.0,5.5
2026-01-10 02:00:00+00:00,68,11.4,10.0,0.406,0.0,5.0
2026-01-10 03:00:00+00:00,76,9.2,9.3,0.407,0.0,4.3999999999999995
2026-01-10 04:00:00+00:00,79,8.1,8.7,0.407,0.0,3.8999999999999995
2026-01-10 05:00:00+00:00,84,7.0,8.3,0.407,0.0,3.8
2026-01-10 06:00:00+00:00,87,6.7,8.2,0.407,0.0,4.1
2026-01-10 07:00:00+00:00,87,5.8,7.8,0.407,0.0,3.1999999999999997
2026-01-10 08:00:00+00:00,85,5.5,7.5,0.407,0.0,2.5
2026-01-10 09:00:00+00:00,83,4.8,7.2,0.407,0.0,1.4
2026-01-10 10:00:00+00:00,84,4.6,7.0,0.406,0.0,1.3999999999999995
2026-01-10 11:00:00+00:00,84,4.0,6.7,0.406,0.0,0.7999999999999998
2026-01-10 12:00:00+00:00,85,3.4,6.5,0.406,0.0,0.3999999999999999
2026-01-10 13:00:00+00:00,85,3.3,6.3,0.406,0.0,0.2999999999999998
2026-01-10 14:00:00+00:00,86,2.8,6.1,0.406,0.0,0.0
2026-01-10 15:00:00+00:00,87,2.9,6.1,0.406,0.0,0.2999999999999998
2026-01-10 16:00:00+00:00,87,3.4,6.3,0.406,0.0,0.7999999999999998
2026-01-10 17:00:00+00:00,82,8.5,8.0,0.406,0.0,4.9
2026-01-10 18:00:00+00:00,68,14.0,9.7,0.405,0.0,7.6
2026-01-10 19:00:00+00:00,45,15.8,11.3,0.405,0.0,4.800000000000001
2026-01-10 20:00:00+00:00,50,16.1,12.9,0.404,0.0,6.100000000000001
2026-01-10 21:00:00+00:00,55,16.2,14.0,0.403,0.0,7.199999999999999
2026-01-10 22:00:00+00:00,57,16.3,14.8,0.397,0.0,7.700000000000001
2026-01-10 23:00:00+00:00,56,16.0,14.5,0.397,0.0,7.199999999999999
2026-01-11 00:00:00+00:00,56,15.7,13.6,0.395,0.0,6.899999999999999
2026-01-11 01:00:00+00:00,65,14.6,12.5,0.395,0.0,7.6
2026-01-11 02:00:00+00:00,69,13.3,11.3,0.395,0.0,7.1000000000000005
2026-01-11 03:00:00+00:00,75,10.5,9.8,0.395,0.0,5.5
2026-01-11 04:00:00+00:00,78,8.9,9.0,0.396,0.0,4.5
2026-01-11 05:00:00+00:00,82,7.7,8.6,0.396,0.0,4.1
2026-01-11 06:00:00+00:00,86,6.7,8.0,0.396,0.0,3.9000000000000004
2026-01-11 07:00:00+00:00,87,6.0,7.7,0.395,0.0,3.4
2026-01-11 08:00:00+00:00,87,5.6,7.5,0.395,0.0,2.9999999999999996
2026-01-11 09:00:00+00:00,86,5.1,7.4,0.395,0.0,2.3
2026-01-11 10:00:00+00:00,85,4.7,7.2,0.395,0.0,1.7000000000000002
2026-01-11 11:00:00+00:00,85,4.7,7.0,0.395,0.0,1.7000000000000002
2026-01-11 12:00:00+00:00,84,4.7,7.0,0.395,0.0,1.5
2026-01-11 13:00:00+00:00,84,4.4,6.8,0.395,0.0,1.2000000000000002
2026-01-11 14:00:00+00:00,84,3.9,6.6,0.395,0.0,0.6999999999999997
2026-01-11 15:00:00+00:00,85,4.0,6.5,0.395,0.0,1.0
2026-01-11 16:00:00+00:00,84,4.8,7.1,0.395,0.0,1.5999999999999996
2026-01-11 17:00:00+00:00,80,9.4,8.6,0.392,0.0,5.4
2026-01-11 18:00:00+00:00,70,15.0,10.3,0.392,0.0,9.0
2026-01-11 19:00:00+00:00,54,16.7,11.9,0.391,0.0,7.5
2026-01-11 20:00:00+00:00,53,17.2,13.4,0.39,0.0,7.799999999999999
2026-01-11 21:00:00+00:00,57,17.3,14.8,0.389,0.0,8.700000000000001
2026-01-11 22:00:00+00:00,59,17.0,15.4,0.388,0.0,8.8
2026-01-11 23:00:00+00:00,54,17.2,15.0,0.387,0.0,8.0
2026-01-12 00:00:00+00:00,55,16.9,14.1,0.387,0.0,7.899999999999999
2026-01-12 01:00:00+00:00,68,15.5,12.7,0.386,0.0,9.1
2026-01-12 02:00:00+00:00,77,13.4,11.0,0.386,0.0,8.8
2026-01-12 03:00:00+00:00,79,11.6,9.8,0.387,0.0,7.3999999999999995
2026-01-12 04:00:00+00:00,80,9.4,9.2,0.387,0.0,5.4
2026-01-12 05:00:00+00:00,83,8.1,8.5,0.387,0.0,4.699999999999999
2026-01-12 06:00:00+00:00,84,7.8,8.2,0.387,0.0,4.6
2026-01-12 07:00:00+00:00,84,7.0,7.9,0.387,0.0,3.8
2026-01-12 08:00:00+00:00,84,6.2,7.7,0.387,0.0,3.0
2026-01-12 09:00:00+00:00,83,6.0,7.6,0.387,0.0,2.6
2026-01-12 10:00:00+00:00,82,6.0,7.4,0.387,0.0,2.4
2026-01-12 11:00:00+00:00,81,5.6,7.3,0.386,0.0,1.7999999999999998
2026-01-12 12:00:00+00:00,80,5.5,7.2,0.386,0.0,1.5
2026-01-12 13:00:00+00:00,80,5.4,6.9,0.386,0.0,1.4000000000000004
2026-01-12 14:00:00+00:00,80,5.2,6.9,0.386,0.0,1.2000000000000002
2026-01-12 15:00:00+00:00,80,4.9,6.7,0.386,0.0,0.9000000000000004
2026-01-12 16:00:00+00:00,81,5.5,7.1,0.386,0.0,1.7000000000000002
2026-01-12 17:00:00+00:00,75,11.0,8.6,0.386,0.0,6.0
2026-01-12 18:00:00+00:00,60,16.1,10.4,0.385,0.0,8.100000000000001
2026-01-12 19:00:00+00:00,55,17.0,12.1,0.385,0.0,8.0
2026-01-12 20:00:00+00:00,63,17.4,13.4,0.384,0.0,9.999999999999998
2026-01-12 21:00:00+00:00,64,17.9,15.0,0.383,0.0,10.7
2026-01-12 22:00:00+00:00,47,19.1,15.5,0.382,0.0,8.500000000000002
2026-01-12 23:00:00+00:00,33,20.0,15.0,0.381,0.0,6.6
2026-01-13 00:00:00+00:00,40,19.3,14.2,0.378,0.0,7.300000000000001
2026-01-13 01:00:00+00:00,50,17.4,12.9,0.378,0.0,7.399999999999999
2026-01-13 02:00:00+00:00,51,14.1,10.6,0.379,0.0,4.299999999999999
2026-01-13 03:00:00+00:00,55,11.8,9.5,0.379,0.0,2.8000000000000007
2026-01-13 04:00:00+00:00,69,9.8,9.0,0.379,0.0,3.6000000000000005
2026-01-13 05:00:00+00:00,73,8.7,8.6,0.379,0.0,3.299999999999999
2026-01-13 06:00:00+00:00,74,8.3,8.2,0.379,0.0,3.1000000000000005
2026-01-13 07:00:00+00:00,75,7.9,8.2,0.379,0.0,2.9000000000000004
2026-01-13 08:00:00+00:00,76,7.3,7.9,0.379,0.0,2.5
2026-01-13 09:00:00+00:00,77,6.3,7.5,0.379,0.0,1.7000000000000002
2026-01-13 10:00:00+00:00,78,6.4,7.4,0.378,0.0,2.0
2026-01-13 11:00:00+00:00,79,6.0,7.3,0.378,0.0,1.7999999999999998
2026-01-13 12:00:00+00:00,80,5.5,7.1,0.378,0.0,1.5
2026-01-13 13:00:00+00:00,81,5.3,7.0,0.378,0.0,1.5
2026-01-13 14:00:00+00:00,81,5.4,7.0,0.378,0.0,1.6000000000000005
2026-01-13 15:00:00+00:00,81,5.5,6.9,0.377,0.0,1.7000000000000002
2026-01-13 16:00:00+00:00,80,6.3,7.3,0.377,0.0,2.3
2026-01-13 17:00:00+00:00,77,11.1,8.8,0.377,0.0,6.5
2026-01-13 18:00:00+00:00,66,17.1,10.7,0.377,0.0,10.3
2026-01-13 19:00:00+00:00,48,18.9,12.5,0.376,0.0,8.499999999999998
2026-01-13 20:00:00+00:00,66,18.4,14.3,0.375,0.0,11.599999999999998
2026-01-13 21:00:00+00:00,48,19.7,15.4,0.374,0.0,9.299999999999999
2026-01-13 22:00:00+00:00,46,19.9,16.1,0.372,0.0,9.099999999999998
2026-01-13 23:00:00+00:00,51,19.2,15.7,0.371,0.0,9.399999999999999
2026-01-14 00:00:00+00:00,53,19.0,14.8,0.371,0.0,9.6
2026-01-14 01:00:00+00:00,62,17.6,13.5,0.371,0.0,10.000000000000002
2026-01-14 02:00:00+00:00,72,15.0,11.3,0.371,0.0,9.4
2026-01-14 03:00:00+00:00,78,12.9,10.5,0.372,0.0,8.5
2026-01-14 04:00:00+00:00,79,11.9,9.9,0.372,0.0,7.7
2026-01-14 05:00:00+00:00,80,11.0,9.6,0.372,0.0,7.0
2026-01-14 06:00:00+00:00,81,10.1,9.3,0.372,0.0,6.3
2026-01-14 07:00:00+00:00,80,9.3,8.8,0.372,0.0,5.300000000000001
2026-01-14 08:00:00+00:00,81,8.7,8.9,0.372,0.0,4.8999999999999995
2026-01-14 09:00:00+00:00,80,8.6,8.6,0.372,0.0,4.6
2026-01-14 10:00:00+00:00,81,7.8,8.3,0.372,0.0,4.0
2026-01-14 11:00:00+00:00,82,7.7,8.4,0.372,0.0,4.1
2026-01-14 12:00:00+00:00,82,7.7,8.3,0.372,0.0,4.1
2026-01-14 13:00:00+00:00,81,7.5,8.2,0.372,0.0,3.7
2026-01-14 14:00:00+00:00,81,7.6,8.1,0.371,0.0,3.8
2026-01-14 15:00:00+00:00,81,7.3,8.0,0.371,0.0,3.5
2026-01-14 16:00:00+00:00,81,8.2,8.4,0.371,0.0,4.3999999999999995
2026-01-14 17:00:00+00:00,75,13.1,9.6,0.371,0.0,8.1
2026-01-14 18:00:00+00:00,60,18.4,11.4,0.37,0.0,10.399999999999999
2026-01-14 19:00:00+00:00,51,19.6,13.1,0.37,0.0,9.8
2026-01-14 20:00:00+00:00,47,20.3,14.5,0.369,0.0,9.700000000000001
2026-01-14 21:00:00+00:00,44,21.5,16.1,0.367,0.0,10.3
2026-01-14 22:00:00+00:00,45,21.7,17.0,0.366,0.0,10.7
2026-01-14 23:00:00+00:00,54,20.7,16.4,0.365,0.0,11.5
2026-01-15 00:00:00+00:00,56,19.8,15.5,0.365,0.0,11.0
2026-01-15 01:00:00+00:00,62,18.2,14.2,0.366,0.0,10.6
2026-01-15 02:00:00+00:00,56,16.4,12.0,0.366,0.0,7.599999999999998
2026-01-15 03:00:00+00:00,64,13.6,11.0,0.366,0.0,6.3999999999999995
2026-01-15 04:00:00+00:00,67,12.7,10.4,0.366,0.0,6.1
2026-01-15 05:00:00+00:00,73,11.5,10.0,0.366,0.0,6.1
2026-01-15 06:00:00+00:00,73,11.5,9.8,0.366,0.0,6.1
2026-01-15 07:00:00+00:00,75,10.2,9.5,0.367,0.0,5.199999999999999
2026-01-15 08:00:00+00:00,75,9.9,9.1,0.367,0.0,4.9
2026-01-15 09:00:00+00:00,76,9.0,9.0,0.367,0.0,4.2
2026-01-15 10:00:00+00:00,76,9.1,9.0,0.367,0.0,4.3
2026-01-15 11:00:00+00:00,76,8.6,8.7,0.367,0.0,3.8
2026-01-15 12:00:00+00:00,76,8.6,8.6,0.367,0.0,3.8
2026-01-15 13:00:00+00:00,76,8.4,8.7,0.367,0.0,3.6000000000000005
2026-01-15 14:00:00+00:00,76,8.2,8.4,0.367,0.0,3.3999999999999995
2026-01-15 15:00:00+00:00,76,8.0,8.2,0.367,0.0,3.2
2026-01-15 16:00:00+00:00,75,9.1,8.6,0.367,0.0,4.1
2026-01-15 17:00:00+00:00,68,14.0,9.9,0.367,0.0,7.6
2026-01-15 18:00:00+00:00,49,20.3,11.7,0.366,0.0,10.100000000000001
2026-01-15 19:00:00+00:00,31,23.0,13.4,0.365,0.0,9.2
2026-01-15 20:00:00+00:00,39,21.8,15.1,0.364,0.0,9.600000000000001
2026-01-15 21:00:00+00:00,41,21.6,16.4,0.362,0.0,9.8
2026-01-15 22:00:00+00:00,34,22.7,17.0,0.361,0.0,9.5
2026-01-15 23:00:00+00:00,33,22.9,16.7,0.36,0.0,9.499999999999998
2026-01-16 00:00:00+00:00,41,21.7,15.7,0.359,0.0,9.899999999999999
2026-01-16 01:00:00+00:00,50,19.9,14.3,0.359,0.0,9.899999999999999
2026-01-16 02:00:00+00:00,58,17.2,13.1,0.359,0.0,8.799999999999999
2026-01-16 03:00:00+00:00,53,15.9,11.7,0.36,0.0,6.5
2026-01-16 04:00:00+00:00,69,14.4,11.8,0.361,0.0,8.2
2026-01-16 05:00:00+00:00,81,14.4,11.0,0.361,0.0,10.600000000000001
2026-01-16 06:00:00+00:00,86,11.2,10.4,0.361,0.0,8.399999999999999
2026-01-16 07:00:00+00:00,84,10.1,9.8,0.361,0.0,6.8999999999999995
2026-01-16 08:00:00+00:00,83,9.5,9.4,0.361,0.0,6.1
2026-01-16 09:00:00+00:00,83,9.5,9.5,0.361,0.0,6.1
2026-01-16 10:00:00+00:00,82,8.8,9.1,0.361,0.0,5.200000000000001
2026-01-16 11:00:00+00:00,84,7.9,8.9,0.361,0.0,4.7
2026-01-16 12:00:00+00:00,85,7.6,8.5,0.361,0.0,4.6
2026-01-16 13:00:00+00:00,88,7.4,8.4,0.361,0.0,5.0
2026-01-16 14:00:00+00:00,89,7.1,8.4,0.361,0.0,4.8999999999999995
2026-01-16 15:00:00+00:00,90,6.9,8.2,0.361,0.0,4.9
2026-01-16 16:00:00+00:00,89,7.6,8.8,0.361,0.0,5.3999999999999995
2026-01-16 17:00:00+00:00,89,11.5,10.0,0.361,0.0,9.3
2026-01-16 18:00:00+00:00,87,15.6,11.6,0.361,0.0,13.0
2026-01-16 19:00:00+00:00,81,17.4,13.6,0.36,0.0,13.599999999999998
2026-01-16 20:00:00+00:00,77,18.1,15.2,0.359,0.0,13.500000000000002
2026-01-16 21:00:00+00:00,72,19.2,16.5,0.358,0.0,13.6
2026-01-16 22:00:00+00:00,56,20.1,17.1,0.356,0.0,11.3
2026-01-16 23:00:00+00:00,65,19.1,16.8,0.356,0.0,12.100000000000001
2026-01-17 00:00:00+00:00,74,17.8,15.9,0.355,0.0,12.600000000000001
2026-01-17 01:00:00+00:00,77,17.0,14.6,0.355,0.0,12.4
2026-01-17 02:00:00+00:00,76,15.8,13.1,0.355,0.0,11.0
2026-01-17 03:00:00+00:00,77,13.8,11.6,0.356,0.0,9.200000000000001
2026-01-17 04:00:00+00:00,79,13.1,11.0,0.356,0.0,8.899999999999999
2026-01-17 05:00:00+00:00,84,11.7,10.7,0.356,0.0,8.5
2026-01-17 06:00:00+00:00,85,10.9,10.2,0.356,0.0,7.9
2026-01-17 07:00:00+00:00,85,10.2,9.8,0.356,0.0,7.199999999999999
2026-01-17 08:00:00+00:00,86,9.4,9.5,0.357,0.0,6.6000000000000005
2026-01-17 09:00:00+00:00,86,9.0,9.2,0.357,0.0,6.2
2026-01-17 10:00:00+00:00,87,8.1,9.1,0.357,0.0,5.5
2026-01-17 11:00:00+00:00,86,8.6,8.7,0.357,0.0,5.8
2026-01-17 12:00:00+00:00,86,7.9,8.7,0.357,0.0,5.1000000000000005
2026-01-17 13:00:00+00:00,86,7.7,8.7,0.357,0.0,4.9
2026-01-17 14:00:00+00:00,84,8.3,8.5,0.357,0.0,5.1000000000000005
2026-01-17 15:00:00+00:00,84,10.2,8.5,0.357,0.0,6.999999999999999
2026-01-17 16:00:00+00:00,82,8.9,8.6,0.357,0.0,5.300000000000001
2026-01-17 17:00:00+00:00,77,11.8,9.9,0.357,0.0,7.200000000000001
2026-01-17 18:00:00+00:00,64,17.1,11.6,0.356,0.0,9.900000000000002
2026-01-17 19:00:00+00:00,60,18.3,13.2,0.356,0.0,10.3
2026-01-17 20:00:00+00:00,52,20.6,14.7,0.355,0.0,11.000000000000002
2026-01-17 21:00:00+00:00,46,20.0,15.2,0.353,0.0,9.2
2026-01-17 22:00:00+00:00,43,21.1,17.0,0.352,0.0,9.700000000000001
2026-01-17 23:00:00+00:00,34,21.5,16.4,0.351,0.0,8.3
2026-01-18 00:00:00+00:00,35,20.9,15.3,0.35,0.0,7.899999999999999
2026-01-18 01:00:00+00:00,40,19.2,13.9,0.349,0.0,7.199999999999999
2026-01-18 02:00:00+00:00,53,16.4,12.1,0.35,0.0,6.999999999999998
2026-01-18 03:00:00+00:00,52,14.7,11.0,0.35,0.0,5.1
2026-01-18 04:00:00+00:00,67,12.9,10.5,0.351,0.0,6.300000000000001
2026-01-18 05:00:00+00:00,72,11.6,10.3,0.351,0.0,6.0
2026-01-18 06:00:00+00:00,74,10.8,10.0,0.351,0.0,5.6000000000000005
2026-01-18 07:00:00+00:00,76,10.4,9.8,0.351,0.0,5.6000000000000005
2026-01-18 08:00:00+00:00,77,10.3,9.7,0.352,0.0,5.700000000000001
2026-01-18 09:00:00+00:00,78,9.7,9.6,0.351,0.0,5.299999999999999
2026-01-18 10:00:00+00:00,78,9.5,9.5,0.352,0.0,5.1
2026-01-18 11:00:00+00:00,79,9.1,9.3,0.352,0.0,4.8999999999999995
2026-01-18 12:00:00+00:00,80,9.2,9.5,0.352,0.0,5.199999999999999
2026-01-18 13:00:00+00:00,81,9.2,9.5,0.352,0.0,5.3999999999999995
2026-01-18 14:00:00+00:00,80,9.2,9.4,0.351,0.0,5.199999999999999
2026-01-18 15:00:00+00:00,80,8.5,9.0,0.351,0.0,4.5
2026-01-18 16:00:00+00:00,81,8.7,9.2,0.352,0.0,4.8999999999999995
2026-01-18 17:00:00+00:00,77,12.0,10.2,0.352,0.0,7.4
2026-01-18 18:00:00+00:00,55,19.1,12.3,0.351,0.0,10.100000000000001
2026-01-18 19:00:00+00:00,36,20.7,13.5,0.35,0.0,7.899999999999999
2026-01-18 20:00:00+00:00,53,19.2,14.2,0.349,0.0,9.799999999999999
2026-01-18 21:00:00+00:00,41,20.3,15.8,0.348,0.0,8.5
2026-01-18 22:00:00+00:00,47,19.5,16.0,0.346,0.0,8.9
2026-01-18 23:00:00+00:00,50,19.9,16.4,0.345,0.0,9.899999999999999
2026-01-19 00:00:00+00:00,42,19.9,15.0,0.344,0.0,8.299999999999999
2026-01-19 01:00:00+00:00,63,17.7,14.3,0.344,0.0,10.299999999999999
2026-01-19 02:00:00+00:00,78,15.8,13.6,0.344,0.0,11.4
2026-01-19 03:00:00+00:00,81,14.3,11.8,0.345,0.0,10.5
2026-01-19 04:00:00+00:00,81,12.7,11.3,0.345,0.0,8.899999999999999
2026-01-19 05:00:00+00:00,82,11.1,10.7,0.345,0.0,7.5
2026-01-19 06:00:00+00:00,82,10.7,10.2,0.346,0.0,7.1
2026-01-19 07:00:00+00:00,83,10.3,10.0,0.346,0.0,6.9
2026-01-19 08:00:00+00:00,86,10.4,9.8,0.346,0.0,7.6000000000000005
2026-01-19 09:00:00+00:00,88,10.1,9.8,0.346,0.0,7.699999999999999
2026-01-19 10:00:00+00:00,87,10.0,9.8,0.346,0.0,7.4
2026-01-19 11:00:00+00:00,86,9.4,10.1,0.346,0.0,6.6000000000000005
2026-01-19 12:00:00+00:00,85,9.8,10.0,0.346,0.0,6.800000000000001
2026-01-19 13:00:00+00:00,83,9.3,9.4,0.346,0.0,5.9
2026-01-19 14:00:00+00:00,82,8.5,9.0,0.346,0.0,4.9
2026-01-19 15:00:00+00:00,83,8.0,8.6,0.346,0.0,4.6
2026-01-19 16:00:00+00:00,83,7.8,8.8,0.346,0.0,4.4
2026-01-19 17:00:00+00:00,79,12.5,10.2,0.346,0.0,8.3
2026-01-19 18:00:00+00:00,66,17.6,11.9,0.346,0.0,10.8
2026-01-19 19:00:00+00:00,57,18.5,13.9,0.345,0.0,9.9
2026-01-19 20:00:00+00:00,76,17.6,15.5,0.344,0.0,12.8
2026-01-19 21:00:00+00:00,79,17.5,16.7,0.343,0.0,13.3
2026-01-19 22:00:00+00:00,78,17.8,17.4,0.342,0.0,13.4
2026-01-19 23:00:00+00:00,78,17.7,17.1,0.34,0.0,13.299999999999999
2026-01-20 00:00:00+00:00,79,17.0,15.8,0.34,0.0,12.8
2026-01-20 01:00:00+00:00,77,16.7,14.4,0.34,0.0,12.1
2026-01-20 02:00:00+00:00,83,14.4,12.7,0.34,0.0,11.0
2026-01-20 03:00:00+00:00,86,13.2,11.3,0.341,0.0,10.399999999999999
2026-01-20 04:00:00+00:00,91,11.5,10.7,0.341,0.0,9.7
2026-01-20 05:00:00+00:00,91,10.5,10.1,0.341,0.0,8.7
2026-01-20 06:00:00+00:00,92,9.7,9.8,0.341,0.0,8.1
2026-01-20 07:00:00+00:00,92,9.1,9.5,0.342,0.0,7.5
2026-01-20 08:00:00+00:00,92,8.0,9.1,0.342,0.0,6.4
2026-01-20 09:00:00+00:00,93,7.8,8.9,0.342,0.0,6.4
2026-01-20 10:00:00+00:00,93,7.3,8.7,0.343,0.0,5.9
2026-01-20 11:00:00+00:00,92,7.1,8.5,0.343,0.0,5.5
2026-01-20 12:00:00+00:00,91,6.4,8.3,0.343,0.0,4.6000000000000005
2026-01-20 13:00:00+00:00,90,6.4,8.1,0.343,0.0,4.4
2026-01-20 14:00:00+00:00,89,6.5,8.1,0.343,0.0,4.3
2026-01-20 15:00:00+00:00,89,6.4,7.9,0.343,0.0,4.2
2026-01-20 16:00:00+00:00,87,7.4,8.4,0.343,0.0,4.800000000000001
2026-01-20 17:00:00+00:00,84,12.2,10.0,0.343,0.0,9.0
2026-01-20 18:00:00+00:00,78,16.5,11.7,0.342,0.0,12.1
2026-01-20 19:00:00+00:00,75,17.3,13.6,0.342,0.0,12.3
2026-01-20 20:00:00+00:00,78,17.6,15.5,0.341,0.0,13.200000000000001
2026-01-20 21:00:00+00:00,83,16.9,15.7,0.34,0.0,13.499999999999998
2026-01-20 22:00:00+00:00,87,16.7,15.9,0.339,0.0,14.1
2026-01-20 23:00:00+00:00,88,16.9,16.4,0.338,0.0,14.499999999999998
2026-01-21 00:00:00+00:00,86,16.8,15.5,0.338,0.0,14.0
2026-01-21 01:00:00+00:00,84,16.6,14.2,0.338,0.0,13.400000000000002
2026-01-21 03:00:00+00:00,92,13.4,11.6,0.338,,11.8
2026-01-21 04:00:00+00:00,96,12.0,11.1,0.338,0.0,11.2
2026-01-21 05:00:00+00:00,97,10.8,10.5,0.338,0.0,10.200000000000001
2026-01-21 06:00:00+00:00,96,10.2,10.0,0.338,0.0,9.399999999999999
2026-01-21 07:00:00+00:00,95,9.5,10.1,0.339,0.0,8.5
2026-01-21 08:00:00+00:00,93,9.8,9.8,0.339,0.0,8.4
2026-01-21 09:00:00+00:00,92,9.1,9.8,0.339,0.0,7.5
2026-01-21 10:00:00+00:00,91,9.1,9.8,0.339,0.0,7.3
2026-01-21 11:00:00+00:00,89,8.8,9.1,0.339,0.0,6.6000000000000005
2026-01-21 12:00:00+00:00,88,8.7,10.1,0.339,0.0,6.299999999999999
2026-01-21 13:00:00+00:00,90,10.5,10.4,0.339,0.0,8.5
2026-01-21 14:00:00+00:00,93,11.9,11.0,0.339,0.0,10.5
2026-01-21 15:00:00+00:00,96,12.0,10.9,0.339,0.0,11.2
2026-01-21 16:00:00+00:00,98,12.2,11.4,0.339,0.0,11.799999999999999
2026-01-21 17:00:00+00:00,98,12.7,12.1,0.339,0.0,12.299999999999999
2026-01-21 18:00:00+00:00,98,13.6,12.8,0.339,0.0,13.2
2026-01-21 19:00:00+00:00,95,14.7,13.9,0.339,0.0,13.7
2026-01-21 20:00:00+00:00,91,15.1,14.3,0.338,0.0,13.299999999999999
2026-01-21 21:00:00+00:00,87,15.5,15.1,0.338,0.0,12.9
2026-01-21 22:00:00+00:00,83,15.6,15.5,0.338,0.0,12.2
2026-01-21 23:00:00+00:00,81,15.6,14.9,0.337,0.0,11.8
2026-01-22 00:00:00+00:00,84,15.2,14.6,0.337,0.0,12.0
2026-01-22 01:00:00+00:00,85,15.0,14.0,0.337,0.0,12.0
2026-01-22 02:00:00+00:00,88,14.3,13.6,0.337,0.0,11.9
2026-01-22 03:00:00+00:00,90,14.4,13.5,0.337,0.0,12.4
2026-01-22 04:00:00+00:00,91,14.2,13.3,0.337,0.0,12.399999999999999
2026-01-22 05:00:00+00:00,92,14.2,13.2,0.337,0.0,12.6
2026-01-22 06:00:00+00:00,93,13.8,13.1,0.337,0.0,12.4
2026-01-22 07:00:00+00:00,94,12.9,11.9,0.337,0.0,11.700000000000001
2026-01-22 08:00:00+00:00,96,11.9,11.7,0.338,0.0,11.1
2026-01-22 09:00:00+00:00,98,11.5,11.8,0.338,0.0,11.1
2026-01-22 10:00:00+00:00,98,11.2,11.6,0.338,0.0,10.799999999999999
2026-01-22 11:00:00+00:00,98,11.3,12.0,0.338,0.0,10.9
2026-01-22 12:00:00+00:00,98,11.6,12.0,0.338,0.0,11.2
2026-01-22 13:00:00+00:00,97,11.5,11.8,0.338,0.0,10.9
2026-01-22 14:00:00+00:00,98,11.4,11.6,0.338,0.0,11.0
2026-01-22 15:00:00+00:00,98,11.2,11.8,0.338,0.0,10.799999999999999
2026-01-22 16:00:00+00:00,98,11.2,11.7,0.338,0.0,10.799999999999999
2026-01-22 17:00:00+00:00,98,12.1,12.3,0.338,0.0,11.7
2026-01-22 18:00:00+00:00,96,14.0,13.7,0.338,0.3,13.2
2026-01-22 19:00:00+00:00,92,15.6,14.6,0.338,0.0,14.0
2026-01-22 20:00:00+00:00,87,16.0,15.2,0.338,0.0,13.4
2026-01-22 21:00:00+00:00,84,16.4,16.2,0.337,0.3,13.2
2026-01-22 22:00:00+00:00,83,16.3,16.8,0.336,0.0,12.9
2026-01-22 23:00:00+00:00,81,16.4,17.0,0.336,0.0,12.599999999999998
2026-01-23 00:00:00+00:00,81,15.8,16.1,0.334,0.0,12.0
2026-01-23 01:00:00+00:00,82,15.0,14.7,0.334,0.0,11.4
2026-01-23 02:00:00+00:00,84,13.6,13.0,0.335,0.0,10.399999999999999
2026-01-23 03:00:00+00:00,88,12.6,12.2,0.335,0.0,10.2
2026-01-23 04:00:00+00:00,91,11.7,11.9,0.335,0.0,9.899999999999999
2026-01-23 05:00:00+00:00,92,11.0,11.7,0.335,0.0,9.4
2026-01-23 06:00:00+00:00,93,10.7,11.4,0.335,0.0,9.299999999999999
2026-01-23 07:00:00+00:00,94,10.7,10.7,0.335,0.0,9.5
2026-01-23 08:00:00+00:00,95,11.5,11.6,0.335,0.0,10.5
2026-01-23 09:00:00+00:00,95,11.4,11.9,0.335,0.0,10.4
2026-01-23 10:00:00+00:00,94,11.7,12.0,0.335,0.0,10.5
2026-01-23 11:00:00+00:00,94,11.0,11.0,0.335,0.0,9.8
2026-01-23 12:00:00+00:00,95,10.2,11.0,0.336,0.0,9.2
2026-01-23 13:00:00+00:00,96,9.7,10.3,0.335,0.0,8.899999999999999
2026-01-23 14:00:00+00:00,97,9.1,10.2,0.335,0.0,8.5
2026-01-23 15:00:00+00:00,97,8.7,9.8,0.335,0.0,8.1
2026-01-23 16:00:00+00:00,98,9.1,10.2,0.335,0.0,8.7
2026-01-23 17:00:00+00:00,96,12.1,11.4,0.335,0.0,11.299999999999999
2026-01-23 18:00:00+00:00,91,15.1,13.0,0.335,0.0,13.299999999999999
2026-01-23 19:00:00+00:00,87,16.0,14.7,0.335,0.0,13.4
2026-01-23 20:00:00+00:00,83,16.0,16.1,0.334,0.0,12.6
2026-01-23 21:00:00+00:00,83,15.9,17.0,0.334,0.0,12.5
2026-01-23 22:00:00+00:00,82,16.5,17.4,0.333,0.0,12.9
2026-01-23 23:00:00+00:00,79,16.6,17.2,0.331,0.0,12.400000000000002
2026-01-24 00:00:00+00:00,78,16.4,16.4,0.331,0.0,11.999999999999998
2026-01-24 01:00:00+00:00,80,15.9,15.4,0.331,0.0,11.9
2026-01-24 02:00:00+00:00,81,14.6,13.3,0.331,0.0,10.8
2026-01-24 03:00:00+00:00,86,13.0,12.1,0.332,0.0,10.2
2026-01-24 04:00:00+00:00,89,12.2,11.7,0.332,0.0,10.0
2026-01-24 05:00:00+00:00,91,11.3,11.2,0.332,0.0,9.5
2026-01-24 06:00:00+00:00,92,11.4,12.1,0.332,0.0,9.8
2026-01-24 07:00:00+00:00,92,12.3,12.5,0.332,0.0,10.700000000000001
2026-01-24 08:00:00+00:00,89,13.2,12.8,0.332,0.0,11.0
2026-01-24 09:00:00+00:00,87,13.6,12.9,0.332,0.0,11.0
2026-01-24 10:00:00+00:00,84,13.9,12.9,0.332,0.0,10.7
2026-01-24 11:00:00+00:00,83,13.8,13.0,0.332,0.0,10.4
2026-01-24 12:00:00+00:00,82,13.7,12.9,0.332,0.0,10.1
2026-01-24 13:00:00+00:00,82,13.3,12.9,0.332,0.0,9.700000000000001
2026-01-24 14:00:00+00:00,83,12.9,12.9,0.332,0.0,9.5
2026-01-24 15:00:00+00:00,81,12.7,12.8,0.332,0.0,8.899999999999999
2026-01-24 16:00:00+00:00,82,12.5,12.7,0.332,0.0,8.9
2026-01-24 17:00:00+00:00,81,14.2,13.5,0.332,0.0,10.399999999999999
2026-01-24 18:00:00+00:00,75,15.6,14.2,0.331,0.0,10.6
2026-01-24 19:00:00+00:00,74,16.2,15.3,0.331,0.0,11.0
2026-01-24 20:00:00+00:00,71,16.3,16.5,0.33,0.0,10.5
2026-01-24 21:00:00+00:00,70,16.9,17.5,0.329,0.0,10.899999999999999
2026-01-24 22:00:00+00:00,69,17.0,18.0,0.328,0.0,10.8
2026-01-24 23:00:00+00:00,68,16.8,17.6,0.326,0.0,10.4
2026-01-25 00:00:00+00:00,70,16.4,16.3,0.326,0.0,10.399999999999999
2026-01-25 01:00:00+00:00,71,15.7,15.0,0.325,0.0,9.899999999999999
2026-01-25 02:00:00+00:00,73,14.5,13.9,0.326,0.0,9.1
2026-01-25 03:00:00+00:00,75,13.2,12.4,0.326,0.0,8.2
2026-01-25 04:00:00+00:00,79,11.1,11.7,0.326,0.0,6.8999999999999995
2026-01-25 05:00:00+00:00,81,10.4,11.2,0.327,0.0,6.6000000000000005
2026-01-25 06:00:00+00:00,85,9.8,10.7,0.327,0.0,6.800000000000001
2026-01-25 07:00:00+00:00,88,9.0,10.3,0.327,0.0,6.6
2026-01-25 08:00:00+00:00,90,8.5,10.1,0.327,0.0,6.5
2026-01-25 09:00:00+00:00,91,8.0,9.8,0.327,0.0,6.2
2026-01-25 10:00:00+00:00,93,7.6,9.6,0.327,0.0,6.199999999999999
2026-01-25 11:00:00+00:00,93,7.2,9.3,0.327,0.0,5.800000000000001
2026-01-25 12:00:00+00:00,94,6.8,9.1,0.327,0.0,5.6
2026-01-25 13:00:00+00:00,95,6.3,8.8,0.327,0.0,5.3
2026-01-25 14:00:00+00:00,95,6.1,8.7,0.328,0.0,5.1
2026-01-25 15:00:00+00:00,95,6.0,8.6,0.328,0.0,5.0
2026-01-25 16:00:00+00:00,93,6.7,9.2,0.328,0.0,5.300000000000001
2026-01-25 17:00:00+00:00,91,9.4,10.7,0.328,0.0,7.6000000000000005
2026-01-25 18:00:00+00:00,84,13.4,12.3,0.327,0.3,10.2
2026-01-25 19:00:00+00:00,80,15.2,13.8,0.327,0.0,11.2
2026-01-25 20:00:00+00:00,80,15.9,15.5,0.327,0.0,11.9
2026-01-25 21:00:00+00:00,76,16.7,16.7,0.325,0.0,11.899999999999999
2026-01-25 22:00:00+00:00,75,16.8,16.9,0.323,0.0,11.8
2026-01-25 23:00:00+00:00,72,16.7,17.0,0.323,0.0,11.1
2026-01-26 00:00:00+00:00,70,16.6,15.4,0.322,0.0,10.600000000000001
2026-01-26 01:00:00+00:00,75,15.5,14.3,0.323,0.0,10.5
2026-01-26 02:00:00+00:00,78,13.6,12.8,0.323,0.0,9.2
2026-01-26 03:00:00+00:00,80,11.5,11.1,0.323,0.0,7.5
2026-01-26 04:00:00+00:00,81,9.8,10.7,0.323,0.0,6.000000000000001
2026-01-26 05:00:00+00:00,83,9.8,10.9,0.323,0.0,6.4
2026-01-26 06:00:00+00:00,83,9.7,10.6,0.324,0.0,6.299999999999999
2026-01-26 07:00:00+00:00,82,9.4,10.1,0.324,0.0,5.800000000000001
2026-01-26 08:00:00+00:00,81,8.7,9.6,0.323,0.0,4.8999999999999995
2026-01-26 09:00:00+00:00,82,7.8,9.4,0.324,0.0,4.199999999999999
2026-01-26 10:00:00+00:00,84,7.4,9.3,0.324,0.0,4.2
2026-01-26 11:00:00+00:00,83,7.5,9.3,0.324,0.0,4.1
2026-01-26 12:00:00+00:00,81,7.0,8.9,0.324,0.0,3.2
2026-01-26 13:00:00+00:00,81,6.5,8.7,0.324,0.0,2.7
2026-01-26 14:00:00+00:00,83,6.1,8.4,0.324,0.0,2.6999999999999997
2026-01-26 15:00:00+00:00,83,6.0,8.2,0.325,0.0,2.6
2026-01-26 16:00:00+00:00,82,6.8,8.7,0.325,0.0,3.1999999999999997
2026-01-26 17:00:00+00:00,78,10.0,9.8,0.325,0.0,5.6
2026-01-26 18:00:00+00:00,67,15.0,11.6,0.325,0.0,8.4
2026-01-26 19:00:00+00:00,65,16.4,13.5,0.324,0.0,9.399999999999999
2026-01-26 20:00:00+00:00,67,16.7,15.1,0.323,0.0,10.1
2026-01-26 21:00:00+00:00,61,17.2,16.3,0.321,0.0,9.399999999999999
2026-01-26 22:00:00+00:00,53,17.6,16.9,0.32,0.0,8.200000000000001
2026-01-26 23:00:00+00:00,45,17.9,16.5,0.319,0.0,6.899999999999999
2026-01-27 00:00:00+00:00,36,19.0,15.0,0.318,0.0,6.199999999999999
2026-01-27 01:00:00+00:00,32,17.7,13.5,0.317,0.0,4.1
2026-01-27 02:00:00+00:00,39,14.5,10.9,0.318,0.0,2.3000000000000007
2026-01-27 03:00:00+00:00,55,10.8,9.5,0.318,0.0,1.8000000000000007
2026-01-27 04:00:00+00:00,54,9.9,8.8,0.318,0.0,0.7000000000000011
2026-01-27 05:00:00+00:00,63,7.9,8.3,0.319,0.0,0.5
2026-01-27 06:00:00+00:00,65,7.1,7.8,0.319,0.0,0.09999999999999964
2026-01-27 07:00:00+00:00,68,6.3,7.5,0.319,0.0,-0.10000000000000053
2026-01-27 08:00:00+00:00,67,5.8,7.4,0.319,0.0,-0.7999999999999998
2026-01-27 09:00:00+00:00,66,6.0,7.4,0.319,0.0,-0.7999999999999998
2026-01-27 10:00:00+00:00,69,5.3,6.8,0.319,0.0,-0.9000000000000004
2026-01-27 11:00:00+00:00,71,4.5,6.6,0.319,0.0,-1.2999999999999998
2026-01-27 12:00:00+00:00,73,4.4,6.6,0.319,0.0,-1.0
2026-01-27 13:00:00+00:00,73,4.5,6.5,0.319,0.0,-0.9000000000000004
2026-01-27 14:00:00+00:00,73,4.0,6.2,0.319,0.0,-1.4000000000000004
2026-01-27 15:00:00+00:00,75,3.7,6.0,0.319,0.0,-1.2999999999999998
2026-01-27 16:00:00+00:00,75,4.6,6.5,0.319,0.0,-0.40000000000000036
2026-01-27 17:00:00+00:00,67,10.1,8.4,0.319,0.0,3.5
2026-01-27 18:00:00+00:00,45,15.0,10.3,0.319,0.0,4.0
2026-01-27 19:00:00+00:00,46,16.5,12.4,0.318,0.0,5.699999999999999
2026-01-27 20:00:00+00:00,51,17.0,14.1,0.317,0.0,7.199999999999999
2026-01-27 21:00:00+00:00,47,17.8,15.5,0.316,0.0,7.200000000000001
2026-01-27 22:00:00+00:00,47,17.9,16.2,0.314,0.0,7.299999999999999
2026-01-27 23:00:00+00:00,57,17.4,15.9,0.313,0.0,8.799999999999999
2026-01-28 00:00:00+00:00,62,16.8,14.6,0.312,0.0,9.200000000000001
2026-01-28 01:00:00+00:00,68,16.2,13.8,0.312,0.0,9.799999999999999
2026-01-28 02:00:00+00:00,75,15.0,13.0,0.313,0.0,10.0
2026-01-28 03:00:00+00:00,78,13.2,11.1,0.313,0.0,8.799999999999999
2026-01-28 04:00:00+00:00,78,10.7,9.8,0.313,0.0,6.299999999999999
2026-01-28 05:00:00+00:00,78,9.2,9.4,0.313,0.0,4.799999999999999
2026-01-28 06:00:00+00:00,78,8.6,8.8,0.313,0.0,4.199999999999999
2026-01-28 07:00:00+00:00,78,8.1,8.8,0.314,0.0,3.6999999999999993
2026-01-28 08:00:00+00:00,77,8.0,8.5,0.314,0.0,3.4000000000000004
2026-01-28 09:00:00+00:00,76,7.9,8.2,0.314,0.0,3.1000000000000005
2026-01-28 10:00:00+00:00,78,6.7,8.3,0.314,0.0,2.3
2026-01-28 11:00:00+00:00,78,7.4,8.6,0.314,0.0,3.0
2026-01-28 12:00:00+00:00,79,7.7,8.4,0.314,0.0,3.5
2026-01-28 13:00:00+00:00,79,7.4,8.2,0.314,0.0,3.2
2026-01-28 14:00:00+00:00,81,7.0,8.1,0.314,0.0,3.2
2026-01-28 15:00:00+00:00,83,6.6,7.8,0.314,0.0,3.1999999999999997
2026-01-28 16:00:00+00:00,84,6.7,8.3,0.314,0.0,3.5
2026-01-28 17:00:00+00:00,80,10.2,9.8,0.314,0.0,6.199999999999999
2026-01-28 18:00:00+00:00,75,14.7,11.4,0.314,0.2,9.7
2026-01-28 19:00:00+00:00,70,16.7,13.0,0.314,0.0,10.7
2026-01-28 20:00:00+00:00,71,16.6,14.6,0.313,0.0,10.8
2026-01-28 21:00:00+00:00,67,17.2,16.2,0.312,0.0,10.6
2026-01-28 22:00:00+00:00,73,17.1,16.8,0.31,0.0,11.700000000000001
2026-01-28 23:00:00+00:00,74,17.2,17.0,0.309,0.0,12.0
2026-01-29 00:00:00+00:00,76,16.9,15.9,0.308,0.0,12.099999999999998
2026-01-29 01:00:00+00:00,78,16.4,14.6,0.308,0.0,11.999999999999998
2026-01-29 02:00:00+00:00,83,14.8,12.6,0.309,0.0,11.4
2026-01-29 03:00:00+00:00,88,12.6,11.0,0.309,0.0,10.2
2026-01-29 04:00:00+00:00,88,11.6,10.4,0.309,0.0,9.2
2026-01-29 05:00:00+00:00,89,10.3,10.0,0.309,0.0,8.100000000000001
2026-01-29 06:00:00+00:00,88,9.6,9.4,0.31,0.0,7.199999999999999
2026-01-29 07:00:00+00:00,87,9.0,9.0,0.31,0.0,6.4
2026-01-29 08:00:00+00:00,87,7.9,8.5,0.31,0.0,5.300000000000001
2026-01-29 09:00:00+00:00,82,7.8,8.2,0.31,0.0,4.199999999999999
2026-01-29 10:00:00+00:00,78,7.3,8.1,0.31,0.0,2.8999999999999995
2026-01-29 11:00:00+00:00,76,6.9,7.6,0.31,0.0,2.1000000000000005
2026-01-29 12:00:00+00:00,78,6.4,7.6,0.31,0.0,2.0
2026-01-29 13:00:00+00:00,78,6.0,7.5,0.31,0.0,1.5999999999999996
2026-01-29 14:00:00+00:00,79,5.9,7.5,0.31,0.0,1.7000000000000002
2026-01-29 15:00:00+00:00,79,6.2,7.3,0.31,0.0,2.0
2026-01-29 16:00:00+00:00,78,7.2,8.1,0.31,0.0,2.8
2026-01-29 17:00:00+00:00,73,12.1,9.5,0.31,0.2,6.699999999999999
2026-01-29 18:00:00+00:00,59,17.1,11.4,0.31,0.0,8.900000000000002
2026-01-29 19:00:00+00:00,45,20.0,13.5,0.31,0.0,9.0
2026-01-29 20:00:00+00:00,48,20.2,15.1,0.308,0.0,9.799999999999999
2026-01-29 21:00:00+00:00,38,21.6,16.7,0.306,0.0,9.200000000000001
2026-01-29 22:00:00+00:00,45,21.2,17.5,0.304,0.0,10.2
2026-01-29 23:00:00+00:00,40,21.1,17.0,0.303,0.0,9.100000000000001
2026-01-30 00:00:00+00:00,47,20.6,16.0,0.301,0.0,10.000000000000002
2026-01-30 01:00:00+00:00,56,18.6,14.6,0.301,0.0,9.8
2026-01-30 02:00:00+00:00,69,15.9,12.7,0.302,0.0,9.7
2026-01-30 03:00:00+00:00,78,14.5,11.3,0.302,0.0,10.1
2026-01-30 04:00:00+00:00,78,12.4,10.5,0.302,0.0,8.0
2026-01-30 05:00:00+00:00,75,11.7,10.3,0.302,0.0,6.699999999999999
2026-01-30 06:00:00+00:00,72,10.7,9.8,0.302,0.0,5.1
2026-01-30 07:00:00+00:00,72,10.1,9.4,0.302,0.0,4.5
2026-01-30 08:00:00+00:00,73,9.3,9.0,0.302,0.0,3.9000000000000004
2026-01-30 09:00:00+00:00,74,9.2,8.9,0.302,0.0,3.999999999999999
2026-01-30 10:00:00+00:00,74,8.8,8.7,0.302,0.0,3.6000000000000005
2026-01-30 11:00:00+00:00,74,8.5,8.6,0.303,0.0,3.3
2026-01-30 12:00:00+00:00,75,8.0,8.5,0.302,0.0,3.0
2026-01-30 13:00:00+00:00,76,7.7,8.4,0.302,0.0,2.9000000000000004
2026-01-30 14:00:00+00:00,76,7.9,8.2,0.302,0.0,3.1000000000000005
2026-01-30 15:00:00+00:00,75,7.9,7.9,0.303,0.0,2.9000000000000004
2026-01-30 16:00:00+00:00,75,8.6,8.6,0.302,0.0,3.5999999999999996
2026-01-30 17:00:00+00:00,68,13.6,10.1,0.302,0.0,7.199999999999999
2026-01-30 18:00:00+00:00,54,18.3,12.0,0.302,0.0,9.100000000000001
2026-01-30 19:00:00+00:00,40,20.6,13.7,0.3,0.0,8.600000000000001
2026-01-30 20:00:00+00:00,36,21.4,15.3,0.299,0.0,8.599999999999998
2026-01-30 21:00:00+00:00,43,21.1,17.1,0.297,0.0,9.700000000000001
2026-01-30 22:00:00+00:00,54,20.6,17.7,0.295,0.0,11.400000000000002
2026-01-30 23:00:00+00:00,54,20.7,17.6,0.293,0.0,11.5
2026-01-31 00:00:00+00:00,48,20.8,16.5,0.292,0.0,10.4
2026-01-31 01:00:00+00:00,70,18.6,15.4,0.292,0.0,12.600000000000001
2026-01-31 02:00:00+00:00,77,16.8,14.0,0.292,0.0,12.200000000000001
2026-01-31 03:00:00+00:00,78,14.9,12.1,0.293,0.0,10.5
2026-01-31 04:00:00+00:00,76,13.3,11.2,0.293,0.0,8.5
2026-01-31 05:00:00+00:00,77,11.8,10.5,0.293,0.0,7.200000000000001
2026-01-31 06:00:00+00:00,75,11.3,10.1,0.293,0.0,6.300000000000001
2026-01-31 07:00:00+00:00,76,10.4,9.9,0.293,0.0,5.6000000000000005
2026-01-31 08:00:00+00:00,75,10.0,9.5,0.293,0.0,5.0
2026-01-31 09:00:00+00:00,76,9.5,9.2,0.294,0.0,4.7
2026-01-31 10:00:00+00:00,77,9.1,8.9,0.294,0.0,4.5
2026-01-31 11:00:00+00:00,77,8.8,8.8,0.293,0.0,4.200000000000001
2026-01-31 12:00:00+00:00,78,8.5,8.8,0.293,0.0,4.1
2026-01-31 13:00:00+00:00,78,8.1,8.5,0.293,0.0,3.6999999999999993
2026-01-31 14:00:00+00:00,78,8.0,8.5,0.294,0.0,3.5999999999999996
2026-01-31 15:00:00+00:00,78,8.0,8.4,0.294,0.0,3.5999999999999996
2026-01-31 16:00:00+00:00,77,9.5,9.1,0.294,0.0,4.9
2026-01-31 17:00:00+00:00,71,14.6,10.5,0.293,0.0,8.8
2026-01-31 18:00:00+00:00,56,19.6,12.5,0.293,0.0,10.8
2026-01-31 19:00:00+00:00,50,20.1,14.2,0.292,0.0,10.100000000000001
2026-01-31 20:00:00+00:00,46,20.5,15.8,0.29,0.0,9.7
2026-01-31 21:00:00+00:00,49,20.5,17.3,0.288,0.0,10.3
2026-01-31 22:00:00+00:00,54,20.7,18.1,0.286,0.0,11.5
2026-01-31 23:00:00+00:00,48,21.1,17.7,0.284,0.0,10.700000000000001
2026-02-01 00:00:00+00:00,59,20.1,16.7,0.285,0.0,11.900000000000002
2026-02-01 01:00:00+00:00,66,18.8,15.4,0.285,0.0,12.0
2026-02-01 02:00:00+00:00,53,17.8,14.0,0.284,0.0,8.4
2026-02-01 03:00:00+00:00,66,16.0,12.9,0.284,0.0,9.2
2026-02-01 04:00:00+00:00,54,16.7,12.3,0.284,0.0,7.5
2026-02-01 05:00:00+00:00,64,13.3,11.1,0.285,0.0,6.1000000000000005
2026-02-01 06:00:00+00:00,71,12.0,11.0,0.285,0.0,6.2
2026-02-01 07:00:00+00:00,73,11.0,10.4,0.285,0.0,5.6
2026-02-01 08:00:00+00:00,75,10.5,10.0,0.285,0.0,5.5
2026-02-01 09:00:00+00:00,76,10.2,9.6,0.285,0.0,5.3999999999999995
2026-02-01 10:00:00+00:00,77,9.4,9.4,0.285,0.0,4.800000000000001
2026-02-01 11:00:00+00:00,78,9.3,9.2,0.285,0.0,4.9
2026-02-01 12:00:00+00:00,79,8.8,9.0,0.285,0.0,4.6000000000000005
2026-02-01 13:00:00+00:00,81,8.0,8.9,0.285,0.0,4.2
2026-02-01 14:00:00+00:00,81,8.8,8.8,0.286,0.0,5.000000000000001
2026-02-01 15:00:00+00:00,80,8.8,8.5,0.286,0.0,4.800000000000001
2026-02-01 16:00:00+00:00,80,9.6,9.3,0.286,0.0,5.6
2026-02-01 17:00:00+00:00,75,14.4,10.8,0.286,0.0,9.4
2026-02-01 18:00:00+00:00,65,18.4,12.8,0.285,0.0,11.399999999999999
2026-02-01 19:00:00+00:00,68,18.3,14.2,0.285,0.0,11.9
2026-02-01 20:00:00+00:00,54,20.7,16.0,0.284,0.0,11.5
2026-02-01 21:00:00+00:00,54,20.5,17.7,0.281,0.0,11.3
2026-02-01 22:00:00+00:00,72,20.0,18.6,0.279,0.0,14.4
2026-02-01 23:00:00+00:00,75,19.6,18.4,0.278,0.0,14.600000000000001
2026-02-02 00:00:00+00:00,76,19.1,17.2,0.277,0.0,14.3
2026-02-02 01:00:00+00:00,78,17.7,15.8,0.277,0.0,13.299999999999999
2026-02-02 02:00:00+00:00,83,15.8,13.4,0.277,0.0,12.4
2026-02-02 03:00:00+00:00,88,14.7,12.6,0.277,0.0,12.299999999999999
2026-02-02 04:00:00+00:00,90,14.2,11.9,0.277,0.0,12.2
2026-02-02 05:00:00+00:00,92,13.0,11.7,0.278,0.0,11.4
2026-02-02 06:00:00+00:00,91,12.3,11.4,0.278,0.0,10.5
2026-02-02 07:00:00+00:00,90,12.2,11.1,0.278,0.0,10.2
2026-02-02 08:00:00+00:00,90,11.0,10.7,0.278,0.0,9.0
2026-02-02 09:00:00+00:00,90,10.6,10.4,0.278,0.0,8.6
2026-02-02 10:00:00+00:00,90,11.0,10.5,0.278,0.0,9.0
2026-02-02 11:00:00+00:00,89,10.8,10.4,0.278,0.0,8.600000000000001
2026-02-02 12:00:00+00:00,89,10.0,10.0,0.278,0.0,7.8
2026-02-02 13:00:00+00:00,90,9.2,9.7,0.279,0.0,7.199999999999999
2026-02-02 14:00:00+00:00,90,9.3,9.7,0.279,0.0,7.300000000000001
2026-02-02 15:00:00+00:00,89,8.9,9.4,0.279,0.0,6.7
2026-02-02 16:00:00+00:00,88,9.8,9.9,0.279,0.0,7.4
2026-02-02 17:00:00+00:00,82,14.4,11.3,0.279,0.0,10.8
2026-02-02 18:00:00+00:00,74,18.4,13.2,0.279,0.0,13.2
2026-02-02 19:00:00+00:00,65,18.9,14.8,0.277,0.0,11.899999999999999
2026-02-02 20:00:00+00:00,64,19.0,16.3,0.276,0.0,11.8
2026-02-02 21:00:00+00:00,70,18.7,17.8,0.274,0.0,12.7
2026-02-02 22:00:00+00:00,72,18.8,18.6,0.273,0.0,13.200000000000001
2026-02-02 23:00:00+00:00,71,18.7,18.4,0.271,0.0,12.899999999999999
2026-02-03 00:00:00+00:00,73,18.3,17.2,0.271,0.0,12.9
2026-02-03 01:00:00+00:00,77,17.4,15.9,0.27,0.0,12.799999999999999
2026-02-03 02:00:00+00:00,82,15.5,13.6,0.27,0.0,11.9
2026-02-03 03:00:00+00:00,90,14.2,12.1,0.271,0.0,12.2
2026-02-03 04:00:00+00:00,94,12.7,11.8,0.271,0.0,11.5
2026-02-03 05:00:00+00:00,93,11.8,11.1,0.271,0.0,10.4
2026-02-03 06:00:00+00:00,92,10.7,10.6,0.271,0.0,9.1
2026-02-03 07:00:00+00:00,91,10.3,10.2,0.271,0.0,8.5
2026-02-03 08:00:00+00:00,91,9.7,10.1,0.271,0.0,7.8999999999999995
2026-02-03 09:00:00+00:00,93,9.1,9.7,0.271,0.0,7.699999999999999
2026-02-03 10:00:00+00:00,93,8.8,9.7,0.271,0.0,7.4
2026-02-03 11:00:00+00:00,95,8.5,9.4,0.271,0.0,7.5
2026-02-03 12:00:00+00:00,95,8.1,9.3,0.271,0.0,7.1
2026-02-03 13:00:00+00:00,95,7.5,9.1,0.271,0.0,6.5
2026-02-03 14:00:00+00:00,94,7.0,8.8,0.27,0.0,5.8
2026-02-03 15:00:00+00:00,94,7.1,8.7,0.271,0.0,5.8999999999999995
2026-02-03 16:00:00+00:00,93,8.0,9.2,0.271,0.0,6.6
2026-02-03 17:00:00+00:00,90,12.6,10.8,0.271,0.0,10.6
2026-02-03 18:00:00+00:00,80,17.4,12.8,0.271,0.0,13.399999999999999
2026-02-03 19:00:00+00:00,78,18.0,14.9,0.27,0.2,13.6
2026-02-03 20:00:00+00:00,80,18.1,16.5,0.27,0.0,14.100000000000001
2026-02-03 21:00:00+00:00,82,18.6,17.9,0.268,0.0,15.000000000000002
2026-02-03 22:00:00+00:00,82,18.6,18.6,0.267,0.0,15.000000000000002
2026-02-03 23:00:00+00:00,81,18.8,18.5,0.266,0.0,15.0
2026-02-04 00:00:00+00:00,81,18.2,17.3,0.265,0.0,14.399999999999999
2026-02-04 01:00:00+00:00,82,17.7,16.1,0.264,0.0,14.1
2026-02-04 02:00:00+00:00,83,16.1,14.1,0.265,0.0,12.700000000000001
2026-02-04 03:00:00+00:00,88,14.2,12.4,0.265,0.0,11.799999999999999
2026-02-04 04:00:00+00:00,88,13.8,12.2,0.265,0.0,11.4
2026-02-04 05:00:00+00:00,86,14.2,11.8,0.265,0.0,11.399999999999999
2026-02-04 06:00:00+00:00,84,12.5,11.0,0.265,0.0,9.3
2026-02-04 07:00:00+00:00,84,10.9,10.6,0.265,0.0,7.7
2026-02-04 08:00:00+00:00,83,10.6,10.4,0.265,0.0,7.199999999999999
2026-02-04 09:00:00+00:00,82,10.7,10.1,0.265,0.0,7.1
2026-02-04 10:00:00+00:00,84,10.0,9.9,0.265,0.0,6.8
2026-02-04 11:00:00+00:00,85,8.9,9.4,0.265,0.0,5.9
2026-02-04 12:00:00+00:00,84,8.5,9.1,0.265,0.0,5.3
2026-02-04 13:00:00+00:00,82,7.9,8.8,0.265,0.0,4.300000000000001
2026-02-04 14:00:00+00:00,79,8.0,8.3,0.265,0.0,3.8
2026-02-04 15:00:00+00:00,76,8.0,8.4,0.265,0.0,3.2
2026-02-04 16:00:00+00:00,75,9.5,9.2,0.265,0.0,4.5
2026-02-04 17:00:00+00:00,72,14.5,10.8,0.265,0.3,8.9
2026-02-04 18:00:00+00:00,48,20.9,12.9,0.265,0.0,10.499999999999998
2026-02-04 19:00:00+00:00,38,22.3,14.8,0.264,0.0,9.9
2026-02-04 20:00:00+00:00,47,21.4,16.4,0.263,0.0,10.799999999999999
2026-02-04 21:00:00+00:00,35,22.3,17.9,0.261,0.0,9.3
2026-02-04 22:00:00+00:00,34,22.5,18.4,0.259,0.0,9.3
2026-02-04 23:00:00+00:00,40,22.2,18.2,0.257,0.0,10.2
2026-02-05 00:00:00+00:00,48,21.3,17.0,0.256,0.0,10.9
2026-02-05 01:00:00+00:00,42,21.3,15.8,0.255,0.0,9.700000000000001
2026-02-05 02:00:00+00:00,59,18.2,14.0,0.255,0.0,10.0
2026-02-05 03:00:00+00:00,57,16.9,12.8,0.255,0.0,8.299999999999999
2026-02-05 04:00:00+00:00,60,14.9,11.8,0.255,0.0,6.9
2026-02-05 05:00:00+00:00,59,13.8,11.1,0.255,0.0,5.600000000000001
2026-02-05 06:00:00+00:00,62,12.8,10.7,0.255,0.0,5.200000000000001
2026-02-05 07:00:00+00:00,63,12.4,10.5,0.255,0.0,5.0
2026-02-05 08:00:00+00:00,66,11.2,10.2,0.255,0.0,4.3999999999999995
2026-02-05 09:00:00+00:00,66,10.8,10.0,0.255,0.0,4.000000000000001
2026-02-05 10:00:00+00:00,64,10.4,9.8,0.255,0.0,3.2
2026-02-05 11:00:00+00:00,65,10.2,9.6,0.255,0.0,3.1999999999999993
2026-02-05 12:00:00+00:00,66,12.0,9.6,0.255,0.0,5.2
2026-02-05 13:00:00+00:00,65,11.3,8.9,0.256,0.0,4.300000000000001
2026-02-05 14:00:00+00:00,66,9.1,8.6,0.255,0.0,2.3
2026-02-05 15:00:00+00:00,70,8.2,8.4,0.255,0.0,2.1999999999999993
2026-02-05 16:00:00+00:00,68,9.4,9.2,0.255,0.0,3.0
2026-02-05 17:00:00+00:00,64,13.7,11.1,0.255,0.0,6.499999999999999
2026-02-05 18:00:00+00:00,43,20.3,13.3,0.255,0.2,8.9
2026-02-05 19:00:00+00:00,40,22.5,15.3,0.254,0.0,10.5
2026-02-05 20:00:00+00:00,45,21.5,15.9,0.253,0.0,10.5
2026-02-05 21:00:00+00:00,39,21.8,15.9,0.252,0.0,9.600000000000001
2026-02-05 22:00:00+00:00,50,20.8,15.7,0.251,0.0,10.8
2026-02-05 23:00:00+00:00,57,19.9,15.6,0.251,0.0,11.299999999999999
2026-02-06 00:00:00+00:00,37,22.2,16.1,0.25,0.0,9.6
2026-02-06 01:00:00+00:00,38,21.5,15.2,0.249,0.0,9.1
2026-02-06 02:00:00+00:00,41,20.0,14.0,0.249,0.0,8.2
2026-02-06 03:00:00+00:00,41,18.6,13.2,0.249,0.0,6.800000000000001
2026-02-06 04:00:00+00:00,43,18.3,13.2,0.249,0.0,6.9
2026-02-06 05:00:00+00:00,54,17.9,13.0,0.249,0.0,8.7
2026-02-06 06:00:00+00:00,59,16.3,12.6,0.249,0.0,8.100000000000001
2026-02-06 07:00:00+00:00,68,15.8,12.5,0.249,0.0,9.4
2026-02-06 08:00:00+00:00,76,14.8,12.2,0.249,0.0,10.0
2026-02-06 09:00:00+00:00,78,14.0,11.6,0.25,0.0,9.6
2026-02-06 10:00:00+00:00,79,12.6,11.2,0.249,0.0,8.399999999999999
2026-02-06 11:00:00+00:00,78,12.8,11.5,0.25,0.0,8.4
2026-02-06 12:00:00+00:00,80,14.0,12.0,0.249,0.0,10.0
2026-02-06 13:00:00+00:00,83,13.1,11.6,0.25,0.0,9.7
2026-02-06 14:00:00+00:00,84,12.3,11.1,0.25,0.0,9.100000000000001
2026-02-06 15:00:00+00:00,83,13.3,11.8,0.25,0.0,9.9
2026-02-06 16:00:00+00:00,86,15.0,12.7,0.25,0.0,12.2
2026-02-06 17:00:00+00:00,84,16.8,14.0,0.25,0.0,13.600000000000001
2026-02-06 18:00:00+00:00,78,17.8,15.0,0.249,0.0,13.4
2026-02-06 19:00:00+00:00,75,17.7,16.0,0.249,0.0,12.7
2026-02-06 20:00:00+00:00,75,18.3,18.0,0.247,0.0,13.3
2026-02-06 21:00:00+00:00,78,17.9,18.2,0.246,0.0,13.499999999999998
2026-02-06 22:00:00+00:00,82,17.3,17.7,0.245,0.0,13.700000000000001
2026-02-06 23:00:00+00:00,82,17.4,17.7,0.245,0.0,13.799999999999999
2026-02-07 00:00:00+00:00,81,17.4,17.2,0.244,0.0,13.599999999999998
2026-02-07 01:00:00+00:00,83,17.0,16.7,0.243,0.0,13.6
2026-02-07 02:00:00+00:00,82,16.5,15.5,0.243,0.0,12.9
2026-02-07 03:00:00+00:00,87,16.0,15.4,0.244,0.0,13.4
2026-02-07 04:00:00+00:00,90,15.5,14.9,0.244,0.0,13.5
2026-02-07 05:00:00+00:00,92,15.3,14.2,0.244,0.0,13.700000000000001
2026-02-07 06:00:00+00:00,95,14.4,13.1,0.244,0.0,13.4
2026-02-07 07:00:00+00:00,97,13.0,12.5,0.244,0.0,12.4
2026-02-07 08:00:00+00:00,97,12.2,12.1,0.244,0.0,11.6
2026-02-07 09:00:00+00:00,97,12.1,11.9,0.244,0.0,11.5
2026-02-07 10:00:00+00:00,97,11.6,11.6,0.244,0.0,11.0
2026-02-07 11:00:00+00:00,98,11.2,11.3,0.244,0.0,10.799999999999999
2026-02-07 12:00:00+00:00,98,10.8,10.6,0.245,0.0,10.4
2026-02-07 13:00:00+00:00,98,10.0,10.3,0.245,0.0,9.6
2026-02-07 14:00:00+00:00,99,9.4,10.2,0.244,0.0,9.200000000000001
2026-02-07 15:00:00+00:00,99,8.8,10.0,0.244,0.0,8.600000000000001
2026-02-07 16:00:00+00:00,99,9.4,10.8,0.244,0.0,9.200000000000001
2026-02-07 17:00:00+00:00,97,13.0,12.6,0.244,0.0,12.4
2026-02-07 18:00:00+00:00,95,15.6,14.2,0.244,0.0,14.6
2026-02-07 19:00:00+00:00,92,16.6,16.0,0.244,0.0,15.000000000000002
2026-02-07 20:00:00+00:00,89,17.2,17.4,0.243,0.0,15.0
2026-02-07 21:00:00+00:00,87,17.8,18.6,0.242,0.0,15.200000000000001
2026-02-07 22:00:00+00:00,85,17.7,19.2,0.241,0.0,14.7
2026-02-07 23:00:00+00:00,85,18.0,19.0,0.239,0.0,15.0
2026-02-08 00:00:00+00:00,86,17.5,17.9,0.238,0.0,14.7
2026-02-08 01:00:00+00:00,87,17.0,16.7,0.238,0.0,14.4
2026-02-08 02:00:00+00:00,89,15.4,14.3,0.238,0.0,13.2
2026-02-08 03:00:00+00:00,92,14.1,13.1,0.238,0.0,12.5
2026-02-08 04:00:00+00:00,93,14.1,12.7,0.239,0.0,12.7
2026-02-08 05:00:00+00:00,87,14.3,12.0,0.238,0.0,11.700000000000001
2026-02-08 06:00:00+00:00,79,13.0,11.2,0.238,0.0,8.8
2026-02-08 07:00:00+00:00,80,11.5,10.8,0.238,0.0,7.5
2026-02-08 08:00:00+00:00,62,15.9,10.5,0.238,0.0,8.3
2026-02-08 09:00:00+00:00,55,15.4,10.6,0.238,0.0,6.4
2026-02-08 10:00:00+00:00,65,13.2,10.4,0.239,0.0,6.199999999999999
2026-02-08 11:00:00+00:00,69,11.7,10.0,0.239,0.0,5.499999999999999
2026-02-08 12:00:00+00:00,73,10.8,9.8,0.239,0.0,5.4
2026-02-08 13:00:00+00:00,68,11.5,9.5,0.238,0.0,5.1
2026-02-08 14:00:00+00:00,71,9.5,9.3,0.239,0.0,3.7
2026-02-08 15:00:00+00:00,73,8.6,8.9,0.239,0.0,3.1999999999999993
2026-02-08 16:00:00+00:00,73,9.8,9.8,0.239,0.0,4.4
2026-02-08 17:00:00+00:00,66,15.7,11.6,0.238,0.0,8.899999999999999
2026-02-08 18:00:00+00:00,57,19.0,13.6,0.238,0.0,10.4
2026-02-08 19:00:00+00:00,61,19.5,15.8,0.237,0.0,11.7
2026-02-08 20:00:00+00:00,57,20.8,17.7,0.236,0.0,12.200000000000001
2026-02-08 21:00:00+00:00,60,20.4,19.1,0.235,0.0,12.399999999999999
2026-02-08 22:00:00+00:00,75,19.3,19.7,0.233,0.0,14.3
2026-02-08 23:00:00+00:00,70,19.6,19.2,0.232,0.0,13.600000000000001
2026-02-09 00:00:00+00:00,63,19.6,17.9,0.23,0.0,12.200000000000001
2026-02-09 01:00:00+00:00,72,18.8,16.8,0.229,0.0,13.200000000000001
2026-02-09 02:00:00+00:00,79,16.8,14.4,0.23,0.0,12.600000000000001
2026-02-09 03:00:00+00:00,86,15.0,13.1,0.23,0.0,12.2
2026-02-09 04:00:00+00:00,91,15.3,13.4,0.23,0.0,13.5
2026-02-09 05:00:00+00:00,90,14.7,12.5,0.23,0.0,12.7
2026-02-09 06:00:00+00:00,85,14.5,12.0,0.23,0.0,11.5
2026-02-09 07:00:00+00:00,73,16.8,11.9,0.23,0.0,11.4
2026-02-09 08:00:00+00:00,76,14.2,11.4,0.23,0.0,9.399999999999999
2026-02-09 09:00:00+00:00,80,12.7,11.0,0.23,0.0,8.7
2026-02-09 10:00:00+00:00,85,12.6,11.1,0.23,0.0,9.6
2026-02-09 11:00:00+00:00,88,12.1,11.0,0.23,0.0,9.7
2026-02-09 12:00:00+00:00,90,10.9,10.3,0.23,0.0,8.9
2026-02-09 13:00:00+00:00,91,10.6,10.8,0.23,0.0,8.799999999999999
2026-02-09 14:00:00+00:00,90,11.1,10.9,0.23,0.0,9.1
2026-02-09 15:00:00+00:00,89,10.5,10.2,0.23,0.0,8.3
2026-02-09 16:00:00+00:00,90,11.0,10.9,0.23,0.0,9.0
2026-02-09 17:00:00+00:00,85,15.0,12.4,0.23,0.0,12.0
2026-02-09 18:00:00+00:00,72,19.1,14.4,0.23,0.3,13.500000000000002
2026-02-09 19:00:00+00:00,72,18.5,16.1,0.229,0.0,12.9
2026-02-09 20:00:00+00:00,75,18.2,17.1,0.228,0.0,13.2
2026-02-09 21:00:00+00:00,76,18.3,16.9,0.228,0.0,13.5
2026-02-09 22:00:00+00:00,74,18.6,18.1,0.227,0.0,13.400000000000002
2026-02-09 23:00:00+00:00,67,18.3,17.2,0.226,0.0,11.700000000000001
2026-02-10 00:00:00+00:00,75,17.6,16.9,0.225,0.0,12.600000000000001
2026-02-10 01:00:00+00:00,76,17.2,15.9,0.225,0.0,12.399999999999999
2026-02-10 02:00:00+00:00,79,15.6,14.1,0.225,0.0,11.399999999999999
2026-02-10 03:00:00+00:00,83,13.9,13.4,0.225,0.0,10.5
2026-02-10 04:00:00+00:00,85,14.1,13.0,0.225,0.0,11.1
2026-02-10 05:00:00+00:00,85,13.5,12.7,0.225,0.0,10.5
2026-02-10 06:00:00+00:00,83,13.1,12.7,0.225,0.0,9.7
2026-02-10 07:00:00+00:00,81,13.3,12.6,0.225,0.0,9.5
2026-02-10 08:00:00+00:00,79,13.3,12.5,0.225,0.0,9.100000000000001
2026-02-10 09:00:00+00:00,79,13.0,12.4,0.225,0.0,8.8
2026-02-10 10:00:00+00:00,79,13.2,12.5,0.225,0.0,9.0
2026-02-10 11:00:00+00:00,82,13.1,12.7,0.225,0.0,9.5
2026-02-10 12:00:00+00:00,84,13.6,13.0,0.225,0.0,10.399999999999999
2026-02-10 13:00:00+00:00,84,13.4,12.4,0.225,0.0,10.2
2026-02-10 14:00:00+00:00,87,12.9,12.6,0.225,0.0,10.3
2026-02-10 15:00:00+00:00,89,13.9,12.9,0.225,0.0,11.7
2026-02-10 16:00:00+00:00,89,15.6,13.6,0.225,0.0,13.399999999999999
2026-02-10 17:00:00+00:00,89,16.1,14.1,0.225,0.0,13.900000000000002
2026-02-10 18:00:00+00:00,87,16.4,14.7,0.225,0.0,13.799999999999999
2026-02-10 19:00:00+00:00,83,16.6,15.1,0.225,0.0,13.200000000000001
2026-02-10 20:00:00+00:00,83,16.9,16.5,0.224,0.0,13.499999999999998
2026-02-10 21:00:00+00:00,84,16.7,16.6,0.223,0.0,13.5
2026-02-10 22:00:00+00:00,84,16.8,17.8,0.222,0.0,13.600000000000001
2026-02-10 23:00:00+00:00,83,16.6,17.1,0.222,0.0,13.200000000000001
2026-02-11 00:00:00+00:00,83,16.2,16.0,0.221,0.0,12.799999999999999
2026-02-11 01:00:00+00:00,83,16.1,15.5,0.221,0.0,12.700000000000001
2026-02-11 02:00:00+00:00,85,15.9,15.1,0.221,0.6,12.9
2026-02-11 03:00:00+00:00,87,15.5,14.9,0.222,1.2,12.9
2026-02-11 04:00:00+00:00,90,15.1,14.8,0.233,4.4,13.1
2026-02-11 05:00:00+00:00,93,14.7,14.7,0.253,0.0,13.299999999999999
2026-02-11 06:00:00+00:00,91,14.5,14.5,0.255,0.0,12.7
2026-02-11 07:00:00+00:00,89,14.8,14.4,0.255,0.8,12.600000000000001
2026-02-11 08:00:00+00:00,88,14.9,14.3,0.256,0.0,12.5
2026-02-11 09:00:00+00:00,85,14.7,14.1,0.257,0.0,11.7
2026-02-11 10:00:00+00:00,84,14.3,14.0,0.257,0.0,11.100000000000001
2026-02-11 11:00:00+00:00,86,14.0,13.6,0.258,0.9,11.2
2026-02-11 12:00:00+00:00,84,14.0,13.4,0.26,0.0,10.8
2026-02-11 13:00:00+00:00,82,13.8,13.5,0.26,0.0,10.200000000000001
2026-02-11 14:00:00+00:00,83,13.7,13.2,0.261,0.0,10.299999999999999
2026-02-11 15:00:00+00:00,86,12.3,12.8,0.261,0.0,9.5
2026-02-11 16:00:00+00:00,90,12.2,13.1,0.261,0.0,10.2
2026-02-11 17:00:00+00:00,90,13.9,14.1,0.261,0.0,11.9
2026-02-11 18:00:00+00:00,83,15.3,15.2,0.26,0.0,11.9
2026-02-11 19:00:00+00:00,76,16.1,16.2,0.259,0.0,11.3
2026-02-11 20:00:00+00:00,74,16.5,17.0,0.258,0.0,11.3
2026-02-11 21:00:00+00:00,71,16.9,18.1,0.257,0.0,11.099999999999998
2026-02-11 22:00:00+00:00,69,17.1,18.6,0.254,0.0,10.900000000000002
2026-02-11 23:00:00+00:00,68,16.9,18.2,0.253,0.0,10.499999999999998
2026-02-12 00:00:00+00:00,67,16.2,16.8,0.252,0.0,9.6
2026-02-12 01:00:00+00:00,68,15.4,15.5,0.252,0.0,9.0
2026-02-12 02:00:00+00:00,72,14.4,14.4,0.251,0.0,8.8
2026-02-12 03:00:00+00:00,75,13.3,13.6,0.251,0.0,8.3
2026-02-12 04:00:00+00:00,78,12.2,12.7,0.251,0.0,7.799999999999999
2026-02-12 05:00:00+00:00,79,11.9,11.8,0.251,0.0,7.7
2026-02-12 06:00:00+00:00,79,11.8,11.4,0.251,0.0,7.6000000000000005
2026-02-12 07:00:00+00:00,82,9.9,10.3,0.251,0.0,6.300000000000001
2026-02-12 08:00:00+00:00,87,8.6,10.2,0.251,0.0,6.0
2026-02-12 09:00:00+00:00,90,8.2,9.5,0.251,0.0,6.199999999999999
2026-02-12 10:00:00+00:00,92,7.9,8.9,0.251,0.0,6.300000000000001
2026-02-12 11:00:00+00:00,93,7.0,9.1,0.251,0.0,5.6
2026-02-12 12:00:00+00:00,94,7.2,9.2,0.251,0.0,6.0
2026-02-12 13:00:00+00:00,94,7.3,8.9,0.251,0.0,6.1
2026-02-12 14:00:00+00:00,94,7.0,8.9,0.25,0.0,5.8
2026-02-12 15:00:00+00:00,93,6.5,8.3,0.25,0.0,5.1
2026-02-12 16:00:00+00:00,94,7.3,9.4,0.25,0.0,6.1
2026-02-12 17:00:00+00:00,89,12.5,11.2,0.25,0.0,10.3
2026-02-12 18:00:00+00:00,77,15.0,12.7,0.25,0.0,10.4
2026-02-12 19:00:00+00:00,70,15.7,14.4,0.249,0.0,9.7
2026-02-12 20:00:00+00:00,63,16.0,15.9,0.248,0.0,8.6
2026-02-12 21:00:00+00:00,62,16.6,17.4,0.246,0.0,9.000000000000002
2026-02-12 22:00:00+00:00,57,17.4,18.1,0.244,0.0,8.799999999999999
2026-02-12 23:00:00+00:00,57,17.6,17.9,0.243,0.0,9.000000000000002
2026-02-13 00:00:00+00:00,69,17.6,16.8,0.241,0.0,11.400000000000002
2026-02-13 01:00:00+00:00,70,17.3,15.7,0.241,0.0,11.3
2026-02-13 02:00:00+00:00,73,16.1,13.9,0.241,0.0,10.700000000000001
2026-02-13 03:00:00+00:00,68,14.6,12.2,0.241,0.0,8.2
2026-02-13 04:00:00+00:00,70,13.3,11.4,0.241,0.0,7.300000000000001
2026-02-13 05:00:00+00:00,77,11.4,10.6,0.241,0.0,6.800000000000001
2026-02-13 06:00:00+00:00,80,10.0,10.0,0.24,0.0,6.0
2026-02-13 07:00:00+00:00,84,8.9,9.7,0.241,0.0,5.7
2026-02-13 08:00:00+00:00,86,8.6,9.3,0.24,0.0,5.8
2026-02-13 09:00:00+00:00,86,8.0,9.1,0.241,0.0,5.2
2026-02-13 10:00:00+00:00,89,7.2,8.6,0.24,0.0,5.0
2026-02-13 11:00:00+00:00,91,6.7,8.5,0.24,0.0,4.9
2026-02-13 12:00:00+00:00,93,6.3,8.0,0.24,0.0,4.9
2026-02-13 13:00:00+00:00,94,6.0,7.8,0.24,0.0,4.8
2026-02-13 14:00:00+00:00,94,5.5,7.6,0.24,0.0,4.3
2026-02-13 15:00:00+00:00,93,5.2,7.3,0.24,0.0,3.8000000000000003
2026-02-13 16:00:00+00:00,91,7.4,8.6,0.24,0.0,5.6000000000000005
2026-02-13 17:00:00+00:00,87,13.5,10.6,0.24,0.0,10.9
2026-02-13 18:00:00+00:00,82,15.9,12.9,0.24,0.0,12.3
2026-02-13 19:00:00+00:00,80,16.9,14.8,0.239,0.0,12.899999999999999
2026-02-13 20:00:00+00:00,75,17.4,16.5,0.238,0.0,12.399999999999999
2026-02-13 21:00:00+00:00,71,18.4,18.0,0.236,0.0,12.599999999999998
2026-02-13 22:00:00+00:00,56,19.7,19.0,0.234,0.0,10.899999999999999
2026-02-13 23:00:00+00:00,57,20.5,19.0,0.232,0.0,11.9
2026-02-14 00:00:00+00:00,65,19.8,17.8,0.23,0.0,12.8
2026-02-14 01:00:00+00:00,68,19.0,16.3,0.23,0.0,12.6
2026-02-14 02:00:00+00:00,68,16.7,13.7,0.23,0.0,10.299999999999999
2026-02-14 03:00:00+00:00,76,14.9,12.7,0.23,0.0,10.100000000000001
2026-02-14 04:00:00+00:00,77,14.1,11.5,0.229,0.0,9.5
2026-02-14 05:00:00+00:00,79,13.7,11.0,0.23,0.0,9.5
2026-02-14 06:00:00+00:00,85,11.7,10.8,0.23,0.0,8.7
2026-02-14 07:00:00+00:00,87,10.5,10.3,0.23,0.0,7.9
2026-02-14 08:00:00+00:00,86,9.8,9.9,0.23,0.0,7.000000000000001
2026-02-14 09:00:00+00:00,84,9.8,9.4,0.23,0.0,6.6000000000000005
2026-02-14 10:00:00+00:00,81,11.1,10.3,0.23,0.0,7.3
2026-02-14 11:00:00+00:00,81,13.1,11.4,0.23,0.0,9.3
2026-02-14 12:00:00+00:00,84,14.0,11.8,0.23,0.0,10.8
2026-02-14 13:00:00+00:00,86,13.1,10.9,0.23,0.0,10.3
2026-02-14 14:00:00+00:00,88,11.4,10.4,0.23,0.0,9.0
2026-02-14 15:00:00+00:00,90,10.0,10.0,0.23,0.0,8.0
2026-02-14 16:00:00+00:00,88,11.6,11.1,0.23,0.0,9.2
2026-02-14 17:00:00+00:00,77,14.7,12.6,0.23,0.0,10.1
2026-02-14 18:00:00+00:00,74,16.2,14.1,0.229,0.0,11.0
2026-02-14 19:00:00+00:00,75,16.6,15.6,0.229,0.0,11.600000000000001
2026-02-14 20:00:00+00:00,74,17.0,16.6,0.228,0.0,11.8
2026-02-14 21:00:00+00:00,77,16.5,17.2,0.227,0.0,11.9
2026-02-14 22:00:00+00:00,79,16.3,16.5,0.226,0.0,12.100000000000001
2026-02-14 23:00:00+00:00,80,16.2,17.5,0.226,0.0,12.2
2026-02-15 00:00:00+00:00,79,15.9,16.9,0.225,0.0,11.7
2026-02-15 01:00:00+00:00,80,14.9,15.3,0.225,0.0,10.9
2026-02-15 02:00:00+00:00,82,14.2,14.6,0.225,0.0,10.6
2026-02-15 03:00:00+00:00,83,13.6,13.5,0.225,0.0,10.2
2026-02-15 04:00:00+00:00,86,12.3,11.9,0.226,0.0,9.5
2026-02-15 05:00:00+00:00,90,12.0,11.9,0.226,0.0,10.0
2026-02-15 06:00:00+00:00,90,13.2,12.5,0.226,0.0,11.2
2026-02-15 07:00:00+00:00,88,13.2,11.8,0.226,0.0,10.799999999999999
2026-02-15 08:00:00+00:00,87,13.1,12.1,0.226,0.0,10.5
2026-02-15 09:00:00+00:00,87,12.6,12.4,0.226,0.0,10.0
2026-02-15 10:00:00+00:00,89,12.6,12.6,0.226,0.0,10.399999999999999
2026-02-15 11:00:00+00:00,90,12.6,12.4,0.226,0.0,10.6
2026-02-15 12:00:00+00:00,89,12.6,12.2,0.226,0.0,10.399999999999999
2026-02-15 13:00:00+00:00,86,12.7,12.5,0.226,0.0,9.899999999999999
2026-02-15 14:00:00+00:00,83,12.8,12.6,0.226,0.0,9.4
2026-02-15 15:00:00+00:00,80,12.8,12.6,0.226,0.0,8.8
2026-02-15 16:00:00+00:00,77,13.1,12.8,0.226,0.0,8.5
2026-02-15 17:00:00+00:00,76,13.7,13.3,0.226,0.0,8.899999999999999
2026-02-15 18:00:00+00:00,73,15.5,14.9,0.226,0.0,10.1
2026-02-15 19:00:00+00:00,70,16.0,15.6,0.224,0.0,10.0
2026-02-15 20:00:00+00:00,70,15.9,16.6,0.223,0.0,9.9
2026-02-15 21:00:00+00:00,70,16.2,17.6,0.223,0.0,10.2
2026-02-15 22:00:00+00:00,70,15.9,17.4,0.222,0.0,9.9
2026-02-15 23:00:00+00:00,72,15.7,16.9,0.221,0.0,10.1
2026-02-16 00:00:00+00:00,69,15.5,16.0,0.221,0.0,9.3
2026-02-16 01:00:00+00:00,68,15.3,15.3,0.221,0.0,8.9
2026-02-16 02:00:00+00:00,71,15.0,14.8,0.22,0.0,9.2
2026-02-16 03:00:00+00:00,75,14.3,14.5,0.22,0.0,9.3
2026-02-16 04:00:00+00:00,77,13.8,14.2,0.221,0.0,9.200000000000001
2026-02-16 05:00:00+00:00,78,14.1,14.2,0.22,0.0,9.7
2026-02-16 06:00:00+00:00,77,14.4,14.1,0.221,0.0,9.8
2026-02-16 07:00:00+00:00,75,14.4,13.9,0.221,0.0,9.4
2026-02-16 08:00:00+00:00,74,14.8,13.8,0.22,0.0,9.600000000000001
2026-02-16 09:00:00+00:00,71,14.8,13.7,0.22,0.0,9.0
2026-02-16 10:00:00+00:00,74,14.2,13.6,0.22,0.0,9.0
2026-02-16 11:00:00+00:00,76,13.8,13.6,0.22,0.0,9.0
2026-02-16 12:00:00+00:00,76,14.4,13.4,0.22,0.0,9.600000000000001
2026-02-16 13:00:00+00:00,76,14.4,13.4,0.22,0.0,9.600000000000001
2026-02-16 14:00:00+00:00,77,14.2,13.4,0.22,0.0,9.6
2026-02-16 15:00:00+00:00,80,13.7,13.5,0.221,1.0,9.7
2026-02-16 16:00:00+00:00,84,13.5,13.5,0.224,1.1,10.3
2026-02-16 17:00:00+00:00,89,13.9,13.7,0.246,7.4,11.7
2026-02-16 18:00:00+00:00,91,13.0,13.5,0.296,1.4,11.2
2026-02-16 19:00:00+00:00,90,13.1,13.8,0.289,0.7,11.1
2026-02-16 20:00:00+00:00,89,13.1,14.3,0.288,0.0,10.899999999999999
2026-02-16 21:00:00+00:00,88,13.2,13.5,0.287,1.7,10.799999999999999
2026-02-16 22:00:00+00:00,86,14.2,15.4,0.297,0.4,11.399999999999999
2026-02-16 23:00:00+00:00,79,15.1,15.0,0.297,0.0,10.899999999999999
2026-02-17 00:00:00+00:00,77,14.1,14.2,0.296,0.0,9.5
2026-02-17 01:00:00+00:00,78,13.3,13.5,0.295,0.0,8.9
2026-02-17 02:00:00+00:00,78,12.8,12.5,0.294,0.0,8.4
2026-02-17 03:00:00+00:00,76,11.6,12.0,0.293,0.0,6.8
2026-02-17 04:00:00+00:00,78,9.9,11.1,0.292,0.0,5.5
2026-02-17 05:00:00+00:00,81,9.0,10.9,0.292,0.0,5.2
2026-02-17 06:00:00+00:00,85,9.0,11.4,0.292,0.0,6.0
2026-02-17 07:00:00+00:00,86,10.5,11.0,0.291,0.0,7.7
2026-02-17 08:00:00+00:00,87,8.4,10.1,0.291,0.0,5.800000000000001
2026-02-17 09:00:00+00:00,90,7.9,10.5,0.291,0.0,5.9
2026-02-17 10:00:00+00:00,92,8.6,11.0,0.292,1.5,7.0
2026-02-17 11:00:00+00:00,94,9.0,11.0,0.298,1.1,7.8
2026-02-17 12:00:00+00:00,96,8.5,10.3,0.305,0.0,7.7
2026-02-17 13:00:00+00:00,98,8.0,10.0,0.306,0.0,7.6
2026-02-17 14:00:00+00:00,99,7.3,9.6,0.306,0.0,7.1
2026-02-17 15:00:00+00:00,99,7.9,10.3,0.306,0.0,7.7
2026-02-17 16:00:00+00:00,99,8.9,10.9,0.305,0.0,8.700000000000001
2026-02-17 17:00:00+00:00,98,10.7,12.3,0.305,0.0,10.299999999999999
2026-02-17 18:00:00+00:00,92,12.3,12.7,0.304,0.0,10.700000000000001
2026-02-17 19:00:00+00:00,84,12.9,14.3,0.303,0.3,9.7
2026-02-17 20:00:00+00:00,78,13.5,14.5,0.302,0.0,9.1
2026-02-17 21:00:00+00:00,76,14.2,16.4,0.301,0.0,9.399999999999999
2026-02-17 22:00:00+00:00,75,14.9,15.4,0.3,0.0,9.9
2026-02-17 23:00:00+00:00,76,13.4,14.0,0.299,0.0,8.600000000000001
2026-02-18 00:00:00+00:00,78,13.0,13.5,0.299,0.0,8.6
2026-02-18 01:00:00+00:00,80,13.1,13.5,0.298,0.0,9.1
2026-02-18 02:00:00+00:00,79,14.1,13.0,0.298,0.0,9.899999999999999
2026-02-18 03:00:00+00:00,78,14.0,12.9,0.298,0.4,9.6
2026-02-18 04:00:00+00:00,81,13.3,12.7,0.299,0.2,9.5
2026-02-18 05:00:00+00:00,81,13.7,12.6,0.302,2.7,9.899999999999999
2026-02-18 06:00:00+00:00,84,13.5,12.7,0.328,1.4,10.3
2026-02-18 07:00:00+00:00,86,10.7,11.9,0.348,6.1,7.8999999999999995
2026-02-18 08:00:00+00:00,88,11.9,11.9,0.348,0.5,9.5
2026-02-18 09:00:00+00:00,85,11.4,11.7,0.347,0.4,8.4
2026-02-18 10:00:00+00:00,81,10.6,11.2,0.345,0.0,6.8
2026-02-18 11:00:00+00:00,80,9.4,10.4,0.345,0.3,5.4
2026-02-18 12:00:00+00:00,77,9.6,10.1,0.343,0.0,5.0
2026-02-18 13:00:00+00:00,76,9.0,9.9,0.342,0.0,4.2
2026-02-18 14:00:00+00:00,77,8.2,9.8,0.341,0.0,3.5999999999999996
2026-02-18 15:00:00+00:00,76,8.0,9.5,0.339,0.0,3.2
2026-02-18 16:00:00+00:00,71,9.0,10.0,0.338,0.0,3.2
2026-02-18 17:00:00+00:00,61,10.8,10.6,0.338,0.0,3.000000000000001
2026-02-18 18:00:00+00:00,56,11.9,11.7,0.336,0.0,3.0999999999999996
2026-02-18 19:00:00+00:00,51,13.0,12.7,0.335,0.0,3.1999999999999993
2026-02-18 20:00:00+00:00,49,13.5,13.5,0.333,0.0,3.3000000000000007
2026-02-18 21:00:00+00:00,47,13.9,15.1,0.332,0.0,3.3000000000000007
2026-02-18 22:00:00+00:00,47,14.2,15.4,0.329,0.0,3.5999999999999996
2026-02-18 23:00:00+00:00,45,14.4,14.9,0.328,0.0,3.4000000000000004
2026-02-19 00:00:00+00:00,46,14.1,13.6,0.326,0.0,3.299999999999999
2026-02-19 01:00:00+00:00,46,13.2,12.1,0.325,0.0,2.3999999999999986
2026-02-19 02:00:00+00:00,53,12.0,11.2,0.325,0.0,2.5999999999999996
2026-02-19 03:00:00+00:00,55,10.7,10.8,0.324,0.0,1.6999999999999993
2026-02-19 04:00:00+00:00,60,9.4,10.3,0.324,0.0,1.4000000000000004
2026-02-19 05:00:00+00:00,64,9.2,10.2,0.324,0.0,1.9999999999999991
2026-02-19 06:00:00+00:00,67,9.8,10.3,0.324,0.0,3.200000000000001
2026-02-19 07:00:00+00:00,68,9.0,9.9,0.323,0.0,2.5999999999999996
2026-02-19 08:00:00+00:00,68,8.3,9.0,0.323,0.0,1.9000000000000004
2026-02-19 09:00:00+00:00,72,7.0,8.5,0.323,0.0,1.4000000000000004
2026-02-19 10:00:00+00:00,75,7.5,9.5,0.323,0.0,2.5
2026-02-19 11:00:00+00:00,75,8.6,9.4,0.322,0.0,3.5999999999999996
2026-02-19 12:00:00+00:00,77,8.2,9.8,0.321,0.0,3.5999999999999996
2026-02-19 13:00:00+00:00,80,8.4,10.2,0.321,0.0,4.4
2026-02-19 14:00:00+00:00,86,8.0,10.4,0.321,0.2,5.2
2026-02-19 15:00:00+00:00,90,8.2,10.5,0.321,0.5,6.199999999999999
2026-02-19 16:00:00+00:00,93,8.7,10.7,0.329,4.6,7.299999999999999
2026-02-19 17:00:00+00:00,95,8.9,10.7,0.369,13.4,7.9
2026-02-19 18:00:00+00:00,96,9.6,11.2,0.407,6.1,8.799999999999999
2026-02-19 19:00:00+00:00,95,11.1,12.0,0.41,0.5,10.1
2026-02-19 20:00:00+00:00,92,12.9,13.2,0.409,0.0,11.3
2026-02-19 21:00:00+00:00,81,13.6,13.8,0.408,0.0,9.8
2026-02-19 22:00:00+00:00,75,13.7,14.2,0.407,0.0,8.7
2026-02-19 23:00:00+00:00,68,13.7,14.1,0.407,0.0,7.299999999999999
2026-02-20 00:00:00+00:00,61,13.0,13.3,0.407,0.0,5.2
2026-02-20 01:00:00+00:00,60,12.1,12.7,0.407,0.0,4.1
2026-02-20 02:00:00+00:00,61,11.0,11.8,0.408,0.0,3.2
2026-02-20 03:00:00+00:00,60,10.2,11.2,0.408,0.0,2.1999999999999993
2026-02-20 04:00:00+00:00,65,9.5,10.8,0.409,0.0,2.5
2026-02-20 05:00:00+00:00,71,8.9,10.4,0.409,0.0,3.1000000000000005
2026-02-20 06:00:00+00:00,71,8.6,9.6,0.409,0.0,2.8
2026-02-20 07:00:00+00:00,69,8.7,9.7,0.405,0.0,2.499999999999999
2026-02-20 08:00:00+00:00,65,8.9,8.9,0.405,0.0,1.9000000000000004
2026-02-20 09:00:00+00:00,68,8.7,9.1,0.406,0.0,2.299999999999999
2026-02-20 10:00:00+00:00,60,9.2,9.0,0.405,0.0,1.1999999999999993
2026-02-20 11:00:00+00:00,53,9.3,8.7,0.405,0.0,-0.09999999999999964
2026-02-20 12:00:00+00:00,57,8.7,8.5,0.404,0.0,0.09999999999999964
2026-02-20 13:00:00+00:00,52,9.1,8.6,0.404,0.0,-0.5
2026-02-20 14:00:00+00:00,50,9.1,8.4,0.404,0.0,-0.9000000000000004
2026-02-20 15:00:00+00:00,56,7.8,8.3,0.402,0.0,-1.0000000000000009
2026-02-20 16:00:00+00:00,66,7.2,8.9,0.402,0.0,0.40000000000000036
2026-02-20 17:00:00+00:00,66,9.2,10.1,0.402,0.0,2.3999999999999995
2026-02-20 18:00:00+00:00,57,10.4,10.8,0.403,0.0,1.8000000000000007
2026-02-20 19:00:00+00:00,51,12.0,12.3,0.402,0.0,2.1999999999999993
2026-02-20 20:00:00+00:00,47,12.9,14.0,0.401,0.0,2.3000000000000007
2026-02-20 21:00:00+00:00,51,13.2,15.3,0.4,0.0,3.3999999999999986
2026-02-20 22:00:00+00:00,48,13.6,15.8,0.399,0.0,3.1999999999999993
2026-02-20 23:00:00+00:00,53,13.5,15.7,0.398,0.0,4.1
2026-02-21 00:00:00+00:00,57,13.3,14.4,0.397,0.0,4.700000000000001
2026-02-21 01:00:00+00:00,59,13.1,13.4,0.397,0.0,4.9
2026-02-21 02:00:00+00:00,63,12.1,11.3,0.397,0.0,4.699999999999999
2026-02-21 03:00:00+00:00,69,10.1,10.0,0.397,0.0,3.8999999999999995
2026-02-21 04:00:00+00:00,72,9.3,9.5,0.397,0.0,3.700000000000001
2026-02-21 05:00:00+00:00,70,8.9,8.7,0.398,0.0,2.9000000000000004
2026-02-21 06:00:00+00:00,76,7.0,8.4,0.398,0.0,2.2
2026-02-21 07:00:00+00:00,78,6.5,8.0,0.398,0.0,2.0999999999999996
2026-02-21 08:00:00+00:00,79,5.8,7.8,0.398,0.0,1.5999999999999996
2026-02-21 09:00:00+00:00,82,5.2,7.7,0.398,0.0,1.6
2026-02-21 10:00:00+00:00,84,4.9,7.6,0.398,0.0,1.7000000000000002
2026-02-21 11:00:00+00:00,85,4.5,7.4,0.398,0.0,1.5
2026-02-21 12:00:00+00:00,84,4.4,7.2,0.398,0.0,1.2000000000000002
2026-02-21 13:00:00+00:00,82,4.2,7.1,0.398,0.0,0.6000000000000001
2026-02-21 14:00:00+00:00,81,3.9,6.9,0.398,0.0,0.10000000000000009
2026-02-21 15:00:00+00:00,83,3.6,6.9,0.398,0.0,0.20000000000000018
2026-02-21 16:00:00+00:00,83,6.3,8.1,0.399,0.0,2.9
2026-02-21 17:00:00+00:00,77,11.6,9.8,0.399,0.0,7.0
2026-02-21 18:00:00+00:00,67,13.4,11.2,0.399,0.0,6.800000000000001
2026-02-21 19:00:00+00:00,60,14.1,13.1,0.398,0.0,6.1
2026-02-21 20:00:00+00:00,60,14.7,14.5,0.397,0.0,6.699999999999999
2026-02-21 21:00:00+00:00,56,15.4,15.7,0.396,0.0,6.6
2026-02-21 22:00:00+00:00,50,15.7,16.3,0.395,0.0,5.699999999999999
2026-02-21 23:00:00+00:00,52,15.4,16.1,0.392,0.0,5.800000000000001
2026-02-22 00:00:00+00:00,56,15.2,14.9,0.39,0.0,6.399999999999999
2026-02-22 01:00:00+00:00,62,14.4,13.6,0.389,0.0,6.800000000000001
2026-02-22 02:00:00+00:00,69,13.1,12.5,0.387,0.0,6.8999999999999995
2026-02-22 03:00:00+00:00,72,11.8,11.5,0.387,0.0,6.200000000000001
2026-02-22 04:00:00+00:00,74,10.2,10.2,0.386,0.0,4.999999999999999
2026-02-22 05:00:00+00:00,77,8.8,9.4,0.387,0.0,4.200000000000001
2026-02-22 06:00:00+00:00,79,7.8,8.6,0.386,0.0,3.5999999999999996
2026-02-22 07:00:00+00:00,83,6.6,8.3,0.386,0.0,3.1999999999999997
2026-02-22 08:00:00+00:00,86,6.0,8.1,0.386,0.0,3.2
2026-02-22 09:00:00+00:00,87,5.3,7.7,0.386,0.0,2.6999999999999997
2026-02-22 10:00:00+00:00,87,5.0,7.5,0.386,0.0,2.4
2026-02-22 11:00:00+00:00,88,4.6,7.2,0.386,0.0,2.1999999999999997
2026-02-22 12:00:00+00:00,89,4.4,7.2,0.386,0.0,2.2
2026-02-22 13:00:00+00:00,90,4.3,7.2,0.385,0.0,2.3
2026-02-22 14:00:00+00:00,90,3.9,6.8,0.385,0.0,1.9
2026-02-22 15:00:00+00:00,91,4.0,6.8,0.385,0.0,2.2
2026-02-22 16:00:00+00:00,90,6.5,8.1,0.385,0.0,4.5
2026-02-22 17:00:00+00:00,85,12.0,10.1,0.385,0.0,9.0
2026-02-22 18:00:00+00:00,77,14.3,11.6,0.384,0.0,9.700000000000001
2026-02-22 19:00:00+00:00,61,15.4,13.3,0.383,0.0,7.6000000000000005
2026-02-22 20:00:00+00:00,55,16.0,15.0,0.38,0.0,7.0
2026-02-22 21:00:00+00:00,55,16.7,16.5,0.378,0.0,7.699999999999999
2026-02-22 22:00:00+00:00,55,17.1,17.4,0.376,0.0,8.100000000000001
2026-02-22 23:00:00+00:00,61,17.2,17.3,0.374,0.0,9.399999999999999
2026-02-23 00:00:00+00:00,65,16.8,16.1,0.37,0.0,9.8
2026-02-23 01:00:00+00:00,66,16.3,14.8,0.37,0.0,9.5
2026-02-23 02:00:00+00:00,70,15.3,13.7,0.363,0.0,9.3
2026-02-23 03:00:00+00:00,77,14.0,12.9,0.36,0.0,9.4
2026-02-23 04:00:00+00:00,79,12.0,11.1,0.36,0.0,7.8
2026-02-23 05:00:00+00:00,79,11.3,10.7,0.36,0.0,7.1000000000000005
2026-02-23 06:00:00+00:00,81,9.7,9.9,0.361,0.0,5.8999999999999995
2026-02-23 07:00:00+00:00,84,8.5,9.4,0.362,0.0,5.3
2026-02-23 08:00:00+00:00,87,8.1,9.0,0.362,0.0,5.5
2026-02-23 09:00:00+00:00,89,7.4,8.7,0.361,0.0,5.2
2026-02-23 10:00:00+00:00,90,7.2,8.9,0.361,0.0,5.2
2026-02-23 11:00:00+00:00,90,6.9,8.6,0.362,0.0,4.9
2026-02-23 12:00:00+00:00,91,6.5,8.3,0.362,0.0,4.7
2026-02-23 13:00:00+00:00,92,6.2,8.3,0.361,0.0,4.6
2026-02-23 14:00:00+00:00,92,6.2,8.3,0.361,0.0,4.6
2026-02-23 15:00:00+00:00,92,6.1,8.3,0.362,0.0,4.5
2026-02-23 16:00:00+00:00,91,7.9,9.2,0.361,0.0,6.1000000000000005
2026-02-23 17:00:00+00:00,84,13.8,10.9,0.361,0.0,10.600000000000001
2026-02-23 18:00:00+00:00,77,15.5,12.5,0.361,0.0,10.9
2026-02-23 19:00:00+00:00,77,16.3,14.2,0.36,0.2,11.700000000000001
2026-02-23 20:00:00+00:00,75,17.3,15.7,0.358,0.0,12.3
2026-02-23 21:00:00+00:00,72,17.4,17.4,0.357,0.0,11.799999999999999
2026-02-23 22:00:00+00:00,76,17.4,18.0,0.356,0.0,12.599999999999998
2026-02-23 23:00:00+00:00,77,17.3,17.8,0.355,0.0,12.700000000000001
2026-02-24 00:00:00+00:00,78,17.4,16.7,0.354,0.0,12.999999999999998
2026-02-24 01:00:00+00:00,81,16.2,15.3,0.354,0.0,12.399999999999999
2026-02-24 02:00:00+00:00,87,15.2,14.6,0.354,0.0,12.6
2026-02-24 03:00:00+00:00,92,14.1,13.0,0.355,0.0,12.5
2026-02-24 04:00:00+00:00,95,13.2,11.9,0.355,0.0,12.2
2026-02-24 05:00:00+00:00,99,12.4,11.8,0.355,0.0,12.200000000000001
2026-02-24 06:00:00+00:00,99,12.7,11.9,0.356,0.0,12.5
2026-02-24 07:00:00+00:00,99,12.2,11.8,0.355,0.0,12.0
2026-02-24 08:00:00+00:00,98,11.9,11.3,0.355,0.0,11.5
2026-02-24 09:00:00+00:00,98,11.5,11.7,0.355,0.0,11.1
2026-02-24 10:00:00+00:00,96,11.7,11.4,0.355,0.0,10.899999999999999
2026-02-24 11:00:00+00:00,96,11.1,10.8,0.355,0.0,10.299999999999999
2026-02-24 12:00:00+00:00,96,10.3,10.7,0.355,0.0,9.5
2026-02-24 13:00:00+00:00,95,10.0,10.5,0.355,0.0,9.0
2026-02-24 14:00:00+00:00,94,10.2,10.8,0.355,0.0,9.0
2026-02-24 15:00:00+00:00,94,10.3,10.7,0.355,0.0,9.100000000000001
2026-02-24 16:00:00+00:00,93,12.0,11.3,0.356,0.0,10.6
2026-02-24 17:00:00+00:00,90,15.2,12.6,0.355,0.0,13.2
2026-02-24 18:00:00+00:00,86,16.5,14.1,0.354,0.0,13.7
2026-02-24 19:00:00+00:00,81,17.9,15.7,0.354,0.0,14.099999999999998
2026-02-24 20:00:00+00:00,79,18.2,17.2,0.352,0.0,14.0
2026-02-24 21:00:00+00:00,81,18.2,18.3,0.35,0.0,14.399999999999999
2026-02-24 22:00:00+00:00,82,18.1,18.5,0.349,0.0,14.500000000000002
2026-02-24 23:00:00+00:00,82,18.1,18.5,0.348,0.0,14.500000000000002
2026-02-25 00:00:00+00:00,78,18.4,17.6,0.347,0.0,13.999999999999998
2026-02-25 01:00:00+00:00,81,17.3,16.7,0.346,0.0,13.5
2026-02-25 02:00:00+00:00,82,16.5,15.1,0.347,0.0,12.9
2026-02-25 03:00:00+00:00,83,15.4,13.7,0.347,0.0,12.0
2026-02-25 04:00:00+00:00,88,14.1,13.1,0.347,0.0,11.7
2026-02-25 05:00:00+00:00,91,13.7,12.7,0.347,0.0,11.899999999999999
2026-02-25 06:00:00+00:00,93,13.4,12.3,0.348,0.0,12.0
2026-02-25 07:00:00+00:00,96,12.5,12.2,0.349,0.0,11.7
2026-02-25 08:00:00+00:00,96,11.8,11.9,0.349,0.0,11.0
2026-02-25 09:00:00+00:00,96,11.4,11.6,0.349,0.0,10.6
2026-02-25 10:00:00+00:00,96,11.2,11.4,0.349,0.0,10.399999999999999
2026-02-25 11:00:00+00:00,96,10.9,11.3,0.35,0.0,10.1
2026-02-25 12:00:00+00:00,96,11.0,11.3,0.35,0.0,10.2
2026-02-25 13:00:00+00:00,96,10.9,11.1,0.35,0.0,10.1
2026-02-25 14:00:00+00:00,97,11.4,11.0,0.351,0.0,10.8
2026-02-25 15:00:00+00:00,97,10.7,10.9,0.351,0.0,10.1
2026-02-25 16:00:00+00:00,97,12.4,11.8,0.351,0.0,11.8
2026-02-25 17:00:00+00:00,92,15.9,13.1,0.35,0.0,14.3
2026-02-25 18:00:00+00:00,84,17.3,14.2,0.349,0.0,14.100000000000001
2026-02-25 19:00:00+00:00,79,17.7,16.2,0.349,0.0,13.5
2026-02-25 20:00:00+00:00,80,17.7,17.4,0.347,0.0,13.7
2026-02-25 21:00:00+00:00,78,18.6,18.6,0.346,0.0,14.200000000000001
2026-02-25 22:00:00+00:00,75,19.1,18.9,0.345,0.0,14.100000000000001
2026-02-25 23:00:00+00:00,70,19.5,19.0,0.344,0.0,13.5
2026-02-26 00:00:00+00:00,74,18.6,18.0,0.344,0.0,13.400000000000002
2026-02-26 01:00:00+00:00,78,18.2,17.2,0.343,0.0,13.799999999999999
2026-02-26 02:00:00+00:00,81,16.8,15.7,0.344,0.0,13.0
2026-02-26 03:00:00+00:00,87,14.9,14.1,0.344,0.0,12.3
2026-02-26 04:00:00+00:00,90,14.2,13.5,0.344,0.0,12.2
2026-02-26 05:00:00+00:00,90,13.8,13.0,0.344,0.0,11.8
2026-02-26 06:00:00+00:00,90,14.0,12.8,0.345,0.0,12.0
2026-02-26 07:00:00+00:00,89,13.8,12.6,0.345,0.0,11.600000000000001
2026-02-26 08:00:00+00:00,90,13.5,12.5,0.345,0.0,11.5
2026-02-26 09:00:00+00:00,91,12.6,11.9,0.345,0.0,10.799999999999999
2026-02-26 10:00:00+00:00,92,11.8,11.8,0.345,0.0,10.200000000000001
2026-02-26 11:00:00+00:00,93,11.3,11.6,0.345,0.0,9.9
2026-02-26 12:00:00+00:00,95,11.0,11.7,0.345,0.0,10.0
2026-02-26 13:00:00+00:00,96,11.2,11.6,0.345,0.0,10.399999999999999
2026-02-26 14:00:00+00:00,96,11.1,11.4,0.345,0.0,10.299999999999999
2026-02-26 15:00:00+00:00,96,11.0,11.4,0.345,0.0,10.2
2026-02-26 16:00:00+00:00,95,13.0,12.4,0.345,0.0,12.0
2026-02-26 17:00:00+00:00,91,16.8,13.6,0.344,0.0,15.0
2026-02-26 18:00:00+00:00,84,17.8,15.1,0.344,0.0,14.600000000000001
2026-02-26 19:00:00+00:00,82,18.0,16.5,0.343,0.0,14.4
2026-02-26 20:00:00+00:00,82,18.9,18.1,0.342,0.0,15.299999999999999
2026-02-26 21:00:00+00:00,77,19.6,19.4,0.341,0.0,15.000000000000002
2026-02-26 22:00:00+00:00,77,19.7,20.2,0.34,0.0,15.1
2026-02-26 23:00:00+00:00,76,19.8,19.9,0.339,0.0,15.0
2026-02-27 00:00:00+00:00,73,20.2,18.7,0.338,0.0,14.799999999999999
2026-02-27 01:00:00+00:00,68,21.3,17.8,0.338,0.0,14.9
2026-02-27 02:00:00+00:00,74,18.1,15.8,0.338,0.0,12.900000000000002
2026-02-27 03:00:00+00:00,81,16.1,14.8,0.339,0.0,12.3
2026-02-27 04:00:00+00:00,86,15.8,14.2,0.339,0.0,13.0
2026-02-27 05:00:00+00:00,87,15.6,13.6,0.339,0.0,13.0
2026-02-27 06:00:00+00:00,90,14.6,13.1,0.339,0.0,12.6
2026-02-27 07:00:00+00:00,93,13.7,12.9,0.339,0.0,12.299999999999999
2026-02-27 08:00:00+00:00,95,13.1,12.7,0.339,0.0,12.1
2026-02-27 09:00:00+00:00,95,12.8,12.3,0.339,0.0,11.8
2026-02-27 10:00:00+00:00,94,12.7,12.5,0.339,0.0,11.5
2026-02-27 11:00:00+00:00,94,12.2,11.9,0.339,0.0,11.0
2026-02-27 12:00:00+00:00,93,11.8,11.8,0.339,0.0,10.4
2026-02-27 13:00:00+00:00,92,12.0,11.5,0.338,0.0,10.4
2026-02-27 14:00:00+00:00,91,11.5,11.3,0.338,0.0,9.7
2026-02-27 15:00:00+00:00,91,11.3,11.4,0.339,0.0,9.5
2026-02-27 16:00:00+00:00,89,14.0,12.5,0.339,0.0,11.8
2026-02-27 17:00:00+00:00,80,19.5,13.9,0.339,0.0,15.5
2026-02-27 18:00:00+00:00,67,22.4,15.6,0.338,0.0,15.799999999999999
2026-02-27 19:00:00+00:00,56,21.4,17.0,0.338,0.0,12.599999999999998
2026-02-27 20:00:00+00:00,64,21.2,18.6,0.336,0.0,14.0
2026-02-27 21:00:00+00:00,68,21.4,19.7,0.335,0.0,14.999999999999998
2026-02-27 22:00:00+00:00,69,21.8,20.7,0.333,0.0,15.600000000000001
2026-02-27 23:00:00+00:00,66,21.5,20.2,0.332,0.0,14.7
2026-02-28 00:00:00+00:00,62,21.6,19.2,0.331,0.0,14.000000000000002
2026-02-28 01:00:00+00:00,65,20.8,18.3,0.331,0.0,13.8
2026-02-28 02:00:00+00:00,71,19.9,16.6,0.331,0.0,14.099999999999998
2026-02-28 03:00:00+00:00,77,17.9,15.4,0.332,0.0,13.299999999999999
2026-02-28 04:00:00+00:00,80,17.1,14.6,0.332,0.0,13.100000000000001
2026-02-28 05:00:00+00:00,85,15.9,13.7,0.332,0.0,12.9
2026-02-28 06:00:00+00:00,89,15.0,13.7,0.333,0.0,12.8
2026-02-28 07:00:00+00:00,89,15.0,13.6,0.333,0.0,12.8
2026-02-28 08:00:00+00:00,86,14.6,13.2,0.333,0.0,11.8
2026-02-28 09:00:00+00:00,85,13.7,13.0,0.333,0.0,10.7
2026-02-28 10:00:00+00:00,84,13.3,12.8,0.333,0.0,10.100000000000001
2026-02-28 11:00:00+00:00,83,13.5,12.7,0.333,0.0,10.1
2026-02-28 12:00:00+00:00,82,13.5,12.9,0.333,0.0,9.9
2026-02-28 13:00:00+00:00,84,14.1,12.9,0.333,0.0,10.899999999999999
2026-02-28 14:00:00+00:00,86,13.4,12.9,0.334,0.0,10.600000000000001
2026-02-28 15:00:00+00:00,86,13.7,12.8,0.333,0.0,10.899999999999999
2026-02-28 16:00:00+00:00,85,15.5,13.6,0.333,0.0,12.5
2026-02-28 17:00:00+00:00,79,18.6,14.8,0.333,0.0,14.400000000000002
2026-02-28 18:00:00+00:00,74,20.1,16.2,0.332,0.0,14.900000000000002
2026-02-28 19:00:00+00:00,66,21.8,17.7,0.331,0.0,15.0
2026-02-28 20:00:00+00:00,68,21.0,19.1,0.33,0.0,14.6
2026-02-28 21:00:00+00:00,69,20.7,20.1,0.328,0.0,14.5
2026-02-28 22:00:00+00:00,74,20.2,20.6,0.327,0.0,15.0
2026-02-28 23:00:00+00:00,71,20.6,20.5,0.325,0.0,14.8
2026-03-01 00:00:00+00:00,74,20.1,19.5,0.324,0.0,14.900000000000002
2026-03-01 01:00:00+00:00,77,19.2,18.4,0.324,0.0,14.6
2026-03-01 02:00:00+00:00,78,18.7,16.8,0.324,0.0,14.299999999999999
2026-03-01 03:00:00+00:00,81,16.2,15.2,0.325,0.0,12.399999999999999
2026-03-01 04:00:00+00:00,84,15.9,14.6,0.326,0.0,12.7
2026-03-01 05:00:00+00:00,86,16.2,14.5,0.326,0.0,13.399999999999999
2026-03-01 06:00:00+00:00,88,16.0,14.1,0.326,0.0,13.6
2026-03-01 07:00:00+00:00,89,15.6,13.9,0.326,0.0,13.399999999999999
2026-03-01 08:00:00+00:00,92,13.7,13.1,0.326,0.0,12.1
2026-03-01 09:00:00+00:00,95,12.5,12.8,0.326,0.0,11.5
2026-03-01 10:00:00+00:00,96,12.2,12.5,0.326,0.0,11.399999999999999
2026-03-01 11:00:00+00:00,96,12.0,12.5,0.326,0.0,11.2
2026-03-01 12:00:00+00:00,96,12.1,12.4,0.326,0.0,11.299999999999999
2026-03-01 13:00:00+00:00,97,12.1,12.4,0.326,0.0,11.5
2026-03-01 14:00:00+00:00,97,11.8,12.2,0.327,0.0,11.200000000000001
2026-03-01 15:00:00+00:00,97,11.9,12.0,0.327,0.0,11.3
2026-03-01 16:00:00+00:00,96,14.5,13.2,0.327,0.0,13.7
2026-03-01 17:00:00+00:00,91,17.5,14.6,0.327,0.0,15.7
2026-03-01 18:00:00+00:00,84,18.6,16.2,0.326,0.0,15.400000000000002
2026-03-01 19:00:00+00:00,82,18.7,17.8,0.325,0.0,15.1
2026-03-01 20:00:00+00:00,75,20.3,19.0,0.324,0.0,15.3
2026-03-01 21:00:00+00:00,79,19.0,20.1,0.323,0.0,14.8
2026-03-01 22:00:00+00:00,82,18.6,20.3,0.322,0.0,15.000000000000002
2026-03-01 23:00:00+00:00,83,19.0,20.5,0.32,0.0,15.6
2026-03-02 00:00:00+00:00,81,19.0,19.1,0.32,0.0,15.2
2026-03-02 01:00:00+00:00,77,20.1,18.4,0.319,0.0,15.500000000000002
2026-03-02 02:00:00+00:00,80,17.5,17.3,0.319,0.0,13.5
2026-03-02 03:00:00+00:00,85,16.4,16.5,0.319,0.0,13.399999999999999
2026-03-02 04:00:00+00:00,88,16.1,16.2,0.32,0.0,13.700000000000001
2026-03-02 05:00:00+00:00,90,15.8,15.8,0.32,0.0,13.8
2026-03-02 06:00:00+00:00,90,15.3,15.5,0.32,0.0,13.3
2026-03-02 07:00:00+00:00,90,14.5,14.5,0.32,0.0,12.5
2026-03-02 08:00:00+00:00,92,13.2,13.5,0.32,0.0,11.6
2026-03-02 09:00:00+00:00,95,13.2,13.3,0.321,0.0,12.2
2026-03-02 10:00:00+00:00,96,12.8,13.1,0.321,0.0,12.0
2026-03-02 11:00:00+00:00,98,12.2,12.6,0.321,0.0,11.799999999999999
2026-03-02 12:00:00+00:00,96,11.8,12.5,0.321,0.0,11.0
2026-03-02 13:00:00+00:00,83,13.4,12.0,0.321,0.0,10.0
2026-03-02 14:00:00+00:00,80,12.1,11.6,0.321,0.0,8.1
2026-03-02 15:00:00+00:00,78,12.8,11.7,0.321,0.0,8.4
2026-03-02 16:00:00+00:00,74,14.6,12.8,0.321,0.0,9.399999999999999
2026-03-02 17:00:00+00:00,69,16.0,13.9,0.32,0.0,9.8
2026-03-02 18:00:00+00:00,66,16.6,15.3,0.32,0.0,9.8
2026-03-02 19:00:00+00:00,58,17.6,16.8,0.319,0.0,9.200000000000001
2026-03-02 20:00:00+00:00,57,18.4,18.3,0.317,0.0,9.799999999999999
2026-03-02 21:00:00+00:00,62,19.0,19.1,0.316,0.0,11.4
2026-03-02 22:00:00+00:00,71,18.2,19.2,0.314,0.0,12.399999999999999
2026-03-02 23:00:00+00:00,71,18.1,19.0,0.313,0.0,12.3
2026-03-03 00:00:00+00:00,72,18.1,18.0,0.311,0.0,12.500000000000002
2026-03-03 01:00:00+00:00,70,18.3,17.0,0.311,0.0,12.3
2026-03-03 02:00:00+00:00,73,16.8,16.0,0.311,0.0,11.4
2026-03-03 03:00:00+00:00,76,16.0,15.4,0.311,0.0,11.2
2026-03-03 04:00:00+00:00,74,15.4,14.0,0.311,0.0,10.2
2026-03-03 05:00:00+00:00,76,13.5,12.8,0.311,0.0,8.7
2026-03-03 06:00:00+00:00,78,12.5,12.2,0.312,0.0,8.1
2026-03-03 07:00:00+00:00,83,11.4,11.5,0.312,0.0,8.0
2026-03-03 08:00:00+00:00,87,9.8,11.0,0.312,0.0,7.200000000000001
2026-03-03 09:00:00+00:00,89,9.2,10.6,0.312,0.0,6.999999999999999
2026-03-03 10:00:00+00:00,90,9.3,10.4,0.312,0.0,7.300000000000001
2026-03-03 11:00:00+00:00,91,9.3,10.4,0.312,0.0,7.500000000000001
2026-03-03 12:00:00+00:00,93,10.1,10.5,0.312,0.0,8.7
2026-03-03 13:00:00+00:00,96,10.0,10.4,0.312,0.0,9.2
2026-03-03 14:00:00+00:00,97,9.5,10.3,0.312,0.0,8.9
2026-03-03 15:00:00+00:00,97,9.3,10.5,0.312,0.0,8.700000000000001
2026-03-03 16:00:00+00:00,94,11.6,11.7,0.312,0.0,10.4
2026-03-03 17:00:00+00:00,89,15.2,13.6,0.312,0.0,13.0
2026-03-03 18:00:00+00:00,86,15.8,15.2,0.311,0.0,13.0
2026-03-03 19:00:00+00:00,85,15.8,16.7,0.31,0.0,12.8
2026-03-03 20:00:00+00:00,85,15.9,18.0,0.309,0.0,12.9
2026-03-03 21:00:00+00:00,84,16.1,18.3,0.308,0.0,12.900000000000002
2026-03-03 22:00:00+00:00,83,16.2,19.5,0.307,0.0,12.799999999999999
2026-03-03 23:00:00+00:00,83,16.7,19.4,0.306,0.0,13.299999999999999
2026-03-04 00:00:00+00:00,83,16.5,18.1,0.305,0.0,13.1
2026-03-04 01:00:00+00:00,85,15.8,17.0,0.305,0.0,12.8
2026-03-04 02:00:00+00:00,87,14.9,15.8,0.305,0.0,12.3
2026-03-04 03:00:00+00:00,89,13.6,13.7,0.305,0.0,11.399999999999999
2026-03-04 04:00:00+00:00,92,12.7,13.0,0.306,0.0,11.1
2026-03-04 05:00:00+00:00,94,11.6,12.3,0.306,0.0,10.4
2026-03-04 06:00:00+00:00,95,11.0,11.9,0.306,0.0,10.0
2026-03-04 07:00:00+00:00,96,10.6,11.8,0.306,0.0,9.799999999999999
2026-03-04 08:00:00+00:00,96,10.3,11.2,0.306,0.0,9.5
2026-03-04 09:00:00+00:00,98,9.8,11.2,0.306,0.0,9.4
2026-03-04 10:00:00+00:00,98,10.1,11.2,0.306,0.0,9.7
2026-03-04 11:00:00+00:00,98,10.3,11.0,0.306,0.0,9.9
2026-03-04 12:00:00+00:00,98,10.3,10.8,0.306,0.0,9.9
2026-03-04 13:00:00+00:00,98,10.3,10.4,0.306,0.0,9.9
2026-03-04 14:00:00+00:00,98,9.0,10.0,0.306,0.0,8.6
2026-03-04 15:00:00+00:00,99,8.3,10.0,0.306,0.0,8.100000000000001
2026-03-04 16:00:00+00:00,99,11.3,11.9,0.306,0.0,11.100000000000001
2026-03-04 17:00:00+00:00,99,12.9,13.2,0.306,0.0,12.700000000000001
2026-03-04 18:00:00+00:00,99,13.5,14.7,0.305,0.0,13.3
2026-03-04 19:00:00+00:00,98,14.2,15.8,0.305,0.0,13.799999999999999
2026-03-04 20:00:00+00:00,94,15.3,17.4,0.304,0.2,14.100000000000001
2026-03-04 21:00:00+00:00,90,15.7,18.4,0.302,0.0,13.7
2026-03-04 22:00:00+00:00,87,15.8,19.1,0.302,0.0,13.200000000000001
2026-03-04 23:00:00+00:00,86,15.5,18.8,0.3,0.0,12.7
2026-03-05 00:00:00+00:00,86,15.4,17.7,0.3,0.0,12.600000000000001
2026-03-05 01:00:00+00:00,87,14.9,16.8,0.3,0.0,12.3
2026-03-05 02:00:00+00:00,89,14.2,15.2,0.3,0.0,12.0
2026-03-05 03:00:00+00:00,91,12.7,13.3,0.3,0.0,10.899999999999999
2026-03-05 04:00:00+00:00,94,12.4,12.6,0.3,0.0,11.200000000000001
2026-03-05 05:00:00+00:00,96,11.3,11.9,0.3,0.0,10.5
2026-03-05 06:00:00+00:00,98,10.4,11.6,0.3,0.0,10.0
2026-03-05 07:00:00+00:00,98,10.5,11.3,0.3,0.0,10.1
2026-03-05 08:00:00+00:00,92,12.4,11.6,0.301,0.0,10.8
2026-03-05 09:00:00+00:00,83,12.8,11.4,0.3,0.0,9.4
2026-03-05 10:00:00+00:00,70,14.8,11.7,0.3,0.0,8.8
2026-03-05 11:00:00+00:00,55,14.8,11.7,0.3,0.0,5.800000000000001
2026-03-05 12:00:00+00:00,48,15.2,11.7,0.3,0.0,4.799999999999999
2026-03-05 13:00:00+00:00,41,15.4,11.6,0.3,0.0,3.5999999999999996
2026-03-05 14:00:00+00:00,36,15.4,11.5,0.3,0.0,2.5999999999999996
2026-03-05 15:00:00+00:00,39,15.0,11.4,0.3,0.0,2.8000000000000007
2026-03-05 16:00:00+00:00,38,16.0,12.2,0.3,0.0,3.5999999999999996
2026-03-05 17:00:00+00:00,37,17.3,13.3,0.299,0.0,4.700000000000001
2026-03-05 18:00:00+00:00,33,18.8,15.0,0.299,0.0,5.4
2026-03-05 19:00:00+00:00,41,18.6,16.4,0.297,0.0,6.800000000000001
2026-03-05 20:00:00+00:00,57,18.6,17.9,0.296,0.0,10.000000000000002
2026-03-05 21:00:00+00:00,60,18.6,18.8,0.294,0.0,10.600000000000001
2026-03-05 22:00:00+00:00,54,19.5,19.7,0.292,0.0,10.3
2026-03-05 23:00:00+00:00,57,19.1,19.6,0.29,0.0,10.500000000000002
2026-03-06 00:00:00+00:00,44,20.1,18.1,0.288,0.0,8.900000000000002
2026-03-06 01:00:00+00:00,26,21.2,16.5,0.288,0.0,6.399999999999999
2026-03-06 02:00:00+00:00,28,19.4,15.4,0.287,0.0,4.999999999999998
2026-03-06 03:00:00+00:00,47,16.8,14.6,0.287,0.0,6.200000000000001
2026-03-06 04:00:00+00:00,53,15.3,13.6,0.288,0.0,5.9
2026-03-06 05:00:00+00:00,58,13.1,12.2,0.287,0.0,4.699999999999999
2026-03-06 06:00:00+00:00,57,12.4,11.5,0.287,0.0,3.8000000000000007
2026-03-06 07:00:00+00:00,56,11.4,10.7,0.287,0.0,2.5999999999999996
2026-03-06 08:00:00+00:00,44,13.2,10.5,0.287,0.0,2.0
2026-03-06 09:00:00+00:00,42,12.4,9.7,0.288,0.0,0.8000000000000007
2026-03-06 10:00:00+00:00,37,13.2,10.0,0.287,0.0,0.5999999999999996
2026-03-06 11:00:00+00:00,47,12.4,9.6,0.287,0.0,1.8000000000000007
2026-03-06 12:00:00+00:00,39,13.2,9.3,0.287,0.0,1.0
2026-03-06 13:00:00+00:00,49,11.9,9.1,0.287,0.0,1.700000000000001
2026-03-06 14:00:00+00:00,64,10.1,9.1,0.287,0.0,2.8999999999999995
2026-03-06 15:00:00+00:00,68,8.2,9.0,0.287,0.0,1.799999999999999
2026-03-06 16:00:00+00:00,68,11.7,10.5,0.287,0.0,5.299999999999999
2026-03-06 17:00:00+00:00,49,16.9,12.2,0.287,0.0,6.699999999999999
2026-03-06 18:00:00+00:00,50,17.5,13.8,0.286,0.0,7.5
2026-03-06 19:00:00+00:00,61,17.4,15.6,0.286,0.0,9.599999999999998
2026-03-06 20:00:00+00:00,49,18.3,17.2,0.284,0.0,8.100000000000001
2026-03-06 21:00:00+00:00,61,17.9,18.5,0.281,0.0,10.099999999999998
2026-03-06 22:00:00+00:00,71,17.4,19.2,0.28,0.0,11.599999999999998
2026-03-06 23:00:00+00:00,58,17.7,18.7,0.279,0.0,9.299999999999999
2026-03-07 00:00:00+00:00,62,17.4,17.7,0.278,0.0,9.799999999999999
2026-03-07 01:00:00+00:00,61,17.3,16.5,0.277,0.0,9.5
2026-03-07 02:00:00+00:00,56,16.8,14.6,0.277,0.0,8.0
2026-03-07 03:00:00+00:00,49,15.0,12.9,0.277,0.0,4.800000000000001
2026-03-07 04:00:00+00:00,66,13.1,12.2,0.277,0.0,6.3
2026-03-07 05:00:00+00:00,79,11.6,11.5,0.277,0.0,7.3999999999999995
2026-03-07 06:00:00+00:00,83,10.4,10.8,0.277,0.0,7.0
2026-03-07 07:00:00+00:00,84,9.5,10.3,0.277,0.0,6.3
2026-03-07 08:00:00+00:00,81,8.9,10.0,0.277,0.0,5.1000000000000005
2026-03-07 09:00:00+00:00,77,8.2,9.7,0.277,0.0,3.5999999999999996
2026-03-07 10:00:00+00:00,77,8.0,9.3,0.277,0.0,3.4000000000000004
2026-03-07 11:00:00+00:00,78,7.1,8.9,0.277,0.0,2.6999999999999993
2026-03-07 12:00:00+00:00,80,6.5,8.7,0.277,0.0,2.5
2026-03-07 13:00:00+00:00,80,6.8,8.6,0.277,0.0,2.8
2026-03-07 14:00:00+00:00,78,6.6,8.4,0.277,0.0,2.1999999999999993
2026-03-07 15:00:00+00:00,78,6.7,8.5,0.277,0.0,2.3
2026-03-07 16:00:00+00:00,74,11.1,10.1,0.277,0.0,5.8999999999999995
2026-03-07 17:00:00+00:00,62,15.8,11.9,0.277,0.0,8.200000000000001
2026-03-07 18:00:00+00:00,47,18.1,13.4,0.276,0.0,7.500000000000002
2026-03-07 19:00:00+00:00,47,19.0,15.3,0.275,0.0,8.4
2026-03-07 20:00:00+00:00,45,19.2,17.0,0.273,0.0,8.2
2026-03-07 21:00:00+00:00,46,18.7,18.1,0.272,0.0,7.899999999999999
2026-03-07 22:00:00+00:00,40,19.5,18.8,0.27,0.0,7.5
2026-03-07 23:00:00+00:00,37,20.4,18.7,0.268,0.0,7.799999999999999
2026-03-08 00:00:00+00:00,45,19.6,17.2,0.266,0.0,8.600000000000001
2026-03-08 01:00:00+00:00,45,19.2,16.1,0.266,0.0,8.2
2026-03-08 02:00:00+00:00,45,18.1,14.9,0.265,0.0,7.100000000000001
2026-03-08 03:00:00+00:00,63,15.6,13.9,0.265,0.0,8.2
2026-03-08 04:00:00+00:00,51,15.3,13.1,0.265,0.0,5.5
2026-03-08 05:00:00+00:00,58,13.6,11.7,0.264,0.0,5.199999999999999
2026-03-08 06:00:00+00:00,65,11.9,11.0,0.264,0.0,4.9
2026-03-08 07:00:00+00:00,63,10.8,10.6,0.264,0.0,3.4000000000000004
2026-03-08 08:00:00+00:00,67,10.6,10.0,0.264,0.0,4.0
2026-03-08 09:00:00+00:00,67,11.1,9.9,0.264,0.0,4.5
2026-03-08 10:00:00+00:00,52,13.7,10.0,0.264,0.0,4.1
2026-03-08 11:00:00+00:00,15,20.4,11.0,0.264,0.0,3.3999999999999986
2026-03-08 12:00:00+00:00,20,18.1,10.0,0.264,0.0,2.1000000000000014
2026-03-08 13:00:00+00:00,31,14.4,9.4,0.264,0.0,0.5999999999999996
2026-03-08 14:00:00+00:00,51,13.5,9.4,0.264,0.0,3.6999999999999993
2026-03-08 15:00:00+00:00,62,10.8,9.4,0.263,0.0,3.200000000000001
2026-03-08 16:00:00+00:00,61,14.1,10.9,0.264,0.0,6.3
2026-03-08 17:00:00+00:00,43,19.7,12.6,0.263,0.0,8.299999999999999
2026-03-08 18:00:00+00:00,40,20.4,14.2,0.263,0.0,8.399999999999999
2026-03-08 19:00:00+00:00,54,19.5,16.2,0.261,0.0,10.3
2026-03-08 20:00:00+00:00,51,20.0,17.8,0.259,0.0,10.2
2026-03-08 21:00:00+00:00,43,20.9,19.0,0.258,0.0,9.499999999999998
2026-03-08 22:00:00+00:00,51,20.6,19.8,0.255,0.0,10.8
2026-03-08 23:00:00+00:00,48,21.0,19.6,0.254,0.0,10.6
2026-03-09 00:00:00+00:00,48,21.4,18.3,0.252,0.0,10.999999999999998
2026-03-09 01:00:00+00:00,52,20.4,17.1,0.251,0.0,10.799999999999999
2026-03-09 02:00:00+00:00,45,20.1,15.9,0.25,0.0,9.100000000000001
2026-03-09 03:00:00+00:00,42,19.4,15.1,0.25,0.0,7.799999999999999
2026-03-09 04:00:00+00:00,58,16.6,14.1,0.25,0.0,8.200000000000001
2026-03-09 05:00:00+00:00,62,14.2,12.5,0.25,0.0,6.6
2026-03-09 06:00:00+00:00,55,13.3,11.8,0.25,0.0,4.300000000000001
2026-03-09 07:00:00+00:00,59,12.2,11.3,0.25,0.0,4.0
2026-03-09 08:00:00+00:00,67,11.4,11.0,0.25,0.0,4.800000000000001
2026-03-09 09:00:00+00:00,69,11.3,10.8,0.25,0.0,5.1000000000000005
2026-03-09 10:00:00+00:00,73,10.5,10.5,0.25,0.0,5.1
2026-03-09 11:00:00+00:00,76,12.5,11.6,0.25,0.0,7.7
2026-03-09 12:00:00+00:00,80,14.8,12.5,0.25,0.0,10.8
2026-03-09 13:00:00+00:00,84,14.1,11.9,0.25,0.0,10.899999999999999
2026-03-09 14:00:00+00:00,88,12.7,10.8,0.25,0.0,10.299999999999999
2026-03-09 15:00:00+00:00,90,11.5,10.9,0.25,0.0,9.5
2026-03-09 16:00:00+00:00,85,14.7,12.2,0.25,0.0,11.7
2026-03-09 17:00:00+00:00,73,18.0,13.8,0.25,0.0,12.6
2026-03-09 18:00:00+00:00,63,17.9,15.4,0.249,0.0,10.499999999999998
2026-03-09 19:00:00+00:00,69,18.0,17.2,0.248,0.0,11.8
2026-03-09 20:00:00+00:00,73,18.5,19.2,0.247,0.0,13.1
2026-03-09 21:00:00+00:00,74,18.7,20.5,0.245,0.0,13.5
2026-03-09 22:00:00+00:00,75,18.6,20.9,0.243,0.0,13.600000000000001
2026-03-09 23:00:00+00:00,74,18.4,20.6,0.242,0.0,13.2
2026-03-10 00:00:00+00:00,76,17.9,19.1,0.24,0.0,13.099999999999998
2026-03-10 01:00:00+00:00,77,17.3,17.9,0.24,0.0,12.700000000000001
2026-03-10 02:00:00+00:00,80,16.1,16.5,0.24,0.0,12.100000000000001
2026-03-10 03:00:00+00:00,87,14.9,16.1,0.24,0.0,12.3
2026-03-10 04:00:00+00:00,92,14.0,14.2,0.24,0.0,12.4
2026-03-10 05:00:00+00:00,95,13.7,13.5,0.24,0.0,12.7
2026-03-10 06:00:00+00:00,97,13.9,14.4,0.24,0.0,13.3
2026-03-10 07:00:00+00:00,97,14.2,14.8,0.239,0.0,13.6
2026-03-10 08:00:00+00:00,96,13.9,13.9,0.24,0.0,13.1
2026-03-10 09:00:00+00:00,96,12.9,12.8,0.24,0.0,12.1
2026-03-10 10:00:00+00:00,97,13.3,13.9,0.24,0.0,12.700000000000001
2026-03-10 12:00:00+00:00,95,13.7,14.2,0.24,,12.7
2026-03-10 13:00:00+00:00,93,13.8,14.2,0.24,0.0,12.4
2026-03-10 14:00:00+00:00,91,13.6,14.3,0.24,0.0,11.799999999999999
2026-03-10 15:00:00+00:00,89,13.7,14.3,0.24,0.0,11.5
2026-03-10 16:00:00+00:00,88,14.1,14.6,0.24,0.0,11.7
2026-03-10 17:00:00+00:00,86,14.5,15.0,0.24,0.0,11.7
2026-03-10 18:00:00+00:00,83,14.9,15.4,0.24,0.0,11.5
2026-03-10 19:00:00+00:00,82,15.1,15.9,0.239,0.0,11.5
2026-03-10 20:00:00+00:00,81,15.5,16.2,0.239,0.0,11.7
2026-03-10 21:00:00+00:00,80,15.6,16.7,0.239,0.0,11.6
2026-03-10 22:00:00+00:00,80,15.6,17.0,0.238,0.0,11.6
2026-03-10 23:00:00+00:00,80,15.7,17.1,0.238,0.0,11.7
2026-03-11 00:00:00+00:00,81,15.3,16.5,0.237,0.0,11.5
2026-03-11 01:00:00+00:00,83,15.0,16.1,0.237,0.0,11.6
2026-03-11 02:00:00+00:00,83,14.6,15.4,0.237,0.0,11.2
2026-03-11 03:00:00+00:00,84,13.8,14.7,0.237,0.0,10.600000000000001
2026-03-11 04:00:00+00:00,87,12.7,13.2,0.237,0.0,10.1
2026-03-11 05:00:00+00:00,89,11.4,12.3,0.237,0.0,9.2
2026-03-11 06:00:00+00:00,91,10.5,11.8,0.237,0.0,8.7
2026-03-11 07:00:00+00:00,93,10.3,11.4,0.236,0.0,8.9
2026-03-11 08:00:00+00:00,94,10.1,11.0,0.237,0.0,8.9
2026-03-11 09:00:00+00:00,96,9.4,10.7,0.236,0.0,8.6
2026-03-11 10:00:00+00:00,96,8.5,10.4,0.236,0.0,7.7
2026-03-11 11:00:00+00:00,97,8.1,10.1,0.236,0.0,7.5
2026-03-11 12:00:00+00:00,98,8.1,9.9,0.236,0.0,7.699999999999999
2026-03-11 13:00:00+00:00,98,7.7,9.8,0.236,0.0,7.3
2026-03-11 14:00:00+00:00,99,7.5,9.5,0.236,0.0,7.3
2026-03-11 15:00:00+00:00,99,7.6,9.7,0.236,0.0,7.3999999999999995
2026-03-11 16:00:00+00:00,98,11.2,11.4,0.236,0.0,10.799999999999999
2026-03-11 17:00:00+00:00,96,14.7,13.2,0.236,0.0,13.899999999999999
2026-03-11 18:00:00+00:00,93,15.6,14.7,0.236,0.0,14.2
2026-03-11 19:00:00+00:00,88,16.4,16.3,0.235,0.0,13.999999999999998
2026-03-11 20:00:00+00:00,83,16.9,17.9,0.234,0.0,13.499999999999998
2026-03-11 21:00:00+00:00,81,17.0,19.1,0.233,0.0,13.2
2026-03-11 22:00:00+00:00,80,17.0,19.5,0.232,0.0,13.0
2026-03-11 23:00:00+00:00,80,16.8,19.4,0.231,0.0,12.8
2026-03-12 00:00:00+00:00,80,16.6,18.2,0.229,0.0,12.600000000000001
2026-03-12 01:00:00+00:00,82,16.0,17.1,0.229,0.0,12.4
2026-03-12 02:00:00+00:00,85,14.9,15.7,0.229,0.0,11.9
2026-03-12 03:00:00+00:00,89,13.4,13.4,0.229,0.0,11.2
2026-03-12 04:00:00+00:00,93,12.3,12.3,0.229,0.0,10.9
2026-03-12 05:00:00+00:00,96,11.6,11.6,0.229,0.0,10.799999999999999
2026-03-12 06:00:00+00:00,97,10.5,11.1,0.228,0.0,9.9
2026-03-12 07:00:00+00:00,98,10.3,10.8,0.229,0.0,9.9
2026-03-12 08:00:00+00:00,98,9.6,10.3,0.229,0.0,9.2
2026-03-12 09:00:00+00:00,98,8.9,10.1,0.229,0.0,8.5
2026-03-12 10:00:00+00:00,98,9.0,10.0,0.229,0.0,8.6
2026-03-12 11:00:00+00:00,97,8.8,9.7,0.228,0.0,8.200000000000001
2026-03-12 12:00:00+00:00,97,8.4,9.7,0.229,0.0,7.800000000000001
2026-03-12 13:00:00+00:00,97,8.2,9.5,0.228,0.0,7.6
2026-03-12 14:00:00+00:00,97,7.9,9.4,0.229,0.0,7.300000000000001
2026-03-12 15:00:00+00:00,96,7.8,9.7,0.228,0.0,7.0
2026-03-12 16:00:00+00:00,94,12.9,11.4,0.228,0.0,11.700000000000001
2026-03-12 17:00:00+00:00,88,16.3,13.1,0.228,0.0,13.9
2026-03-12 18:00:00+00:00,80,17.4,14.9,0.227,0.3,13.399999999999999
2026-03-12 19:00:00+00:00,75,18.7,16.8,0.227,0.0,13.7
2026-03-12 20:00:00+00:00,72,19.8,18.8,0.225,0.0,14.200000000000001
2026-03-12 21:00:00+00:00,61,21.0,20.3,0.224,0.0,13.2
2026-03-12 22:00:00+00:00,73,19.8,20.8,0.222,0.0,14.4
2026-03-12 23:00:00+00:00,76,19.7,20.7,0.221,0.0,14.899999999999999
2026-03-13 00:00:00+00:00,73,20.0,19.3,0.22,0.0,14.6
2026-03-13 01:00:00+00:00,66,20.2,18.2,0.219,0.0,13.399999999999999
2026-03-13 02:00:00+00:00,75,18.1,16.9,0.218,0.0,13.100000000000001
2026-03-13 03:00:00+00:00,82,15.5,14.5,0.219,0.0,11.9
2026-03-13 04:00:00+00:00,89,14.4,13.3,0.219,0.0,12.2
2026-03-13 05:00:00+00:00,92,13.6,13.0,0.219,0.0,12.0
2026-03-13 06:00:00+00:00,89,15.0,12.9,0.218,0.0,12.8
2026-03-13 07:00:00+00:00,90,13.3,12.2,0.218,0.0,11.3
2026-03-13 08:00:00+00:00,93,12.7,11.9,0.218,0.0,11.299999999999999
2026-03-13 09:00:00+00:00,93,11.7,11.5,0.218,0.0,10.299999999999999
2026-03-13 10:00:00+00:00,92,10.8,11.3,0.218,0.0,9.200000000000001
2026-03-13 11:00:00+00:00,91,10.5,11.1,0.218,0.0,8.7
2026-03-13 12:00:00+00:00,91,9.7,10.5,0.217,0.0,7.8999999999999995
2026-03-13 13:00:00+00:00,90,9.0,10.1,0.218,0.0,7.0
2026-03-13 14:00:00+00:00,88,9.1,9.9,0.218,0.0,6.699999999999999
2026-03-13 15:00:00+00:00,86,9.0,10.1,0.218,0.0,6.2
2026-03-13 16:00:00+00:00,82,13.9,12.0,0.217,0.0,10.3
2026-03-13 17:00:00+00:00,69,19.0,13.8,0.217,0.0,12.8
2026-03-13 18:00:00+00:00,66,19.9,15.8,0.217,0.2,13.099999999999998
2026-03-13 19:00:00+00:00,72,19.3,17.4,0.216,0.0,13.700000000000001
2026-03-13 20:00:00+00:00,64,20.8,19.4,0.215,0.0,13.600000000000001
2026-03-13 21:00:00+00:00,65,20.4,20.2,0.214,0.0,13.399999999999999
2026-03-13 22:00:00+00:00,55,22.7,21.3,0.212,0.0,13.7
2026-03-13 23:00:00+00:00,55,21.6,19.8,0.211,0.0,12.600000000000001
2026-03-14 00:00:00+00:00,73,19.4,19.4,0.21,0.0,13.999999999999998
2026-03-14 01:00:00+00:00,78,19.2,18.5,0.21,0.0,14.799999999999999
2026-03-14 02:00:00+00:00,83,17.0,17.1,0.21,0.0,13.6
2026-03-14 03:00:00+00:00,89,15.2,15.0,0.21,0.0,13.0
2026-03-14 04:00:00+00:00,92,14.7,14.2,0.21,0.0,13.1
2026-03-14 05:00:00+00:00,94,14.6,13.6,0.21,0.0,13.4
2026-03-14 06:00:00+00:00,95,14.7,14.1,0.21,0.0,13.7
2026-03-14 07:00:00+00:00,95,14.7,13.8,0.21,0.0,13.7
2026-03-14 08:00:00+00:00,95,14.0,13.3,0.21,0.0,13.0
2026-03-14 09:00:00+00:00,95,12.6,12.6,0.21,0.0,11.6
2026-03-14 10:00:00+00:00,95,11.6,11.7,0.21,0.0,10.6
2026-03-14 11:00:00+00:00,94,10.5,11.3,0.21,0.0,9.3
2026-03-14 12:00:00+00:00,94,9.8,10.9,0.21,0.0,8.600000000000001
2026-03-14 13:00:00+00:00,94,8.9,10.6,0.21,0.0,7.7
2026-03-14 14:00:00+00:00,93,9.0,10.8,0.21,0.0,7.6
2026-03-14 15:00:00+00:00,91,9.6,10.9,0.21,0.0,7.8
2026-03-14 16:00:00+00:00,85,14.1,12.3,0.21,0.0,11.1
2026-03-14 17:00:00+00:00,75,18.2,14.0,0.21,0.0,13.2
2026-03-14 18:00:00+00:00,72,18.4,15.7,0.209,0.0,12.799999999999999
2026-03-14 19:00:00+00:00,73,19.2,17.7,0.209,0.0,13.799999999999999
2026-03-14 20:00:00+00:00,77,18.8,19.3,0.207,0.0,14.200000000000001
2026-03-14 21:00:00+00:00,79,18.7,20.7,0.206,0.0,14.5
2026-03-14 22:00:00+00:00,79,19.1,21.5,0.205,0.0,14.900000000000002
2026-03-14 23:00:00+00:00,78,19.3,21.3,0.203,0.0,14.9
2026-03-15 00:00:00+00:00,72,20.0,19.8,0.202,0.0,14.4
2026-03-15 01:00:00+00:00,72,19.3,18.8,0.201,0.0,13.700000000000001
2026-03-15 02:00:00+00:00,77,17.7,17.3,0.201,0.0,13.1
2026-03-15 03:00:00+00:00,83,15.8,15.1,0.201,0.0,12.4
2026-03-15 04:00:00+00:00,87,14.8,14.1,0.201,0.0,12.200000000000001
2026-03-15 05:00:00+00:00,88,14.0,13.7,0.201,0.0,11.6
2026-03-15 06:00:00+00:00,87,13.2,13.2,0.201,0.0,10.6
2026-03-15 07:00:00+00:00,83,15.2,13.4,0.202,0.0,11.799999999999999
2026-03-15 08:00:00+00:00,86,14.4,13.0,0.202,0.0,11.600000000000001
2026-03-15 09:00:00+00:00,89,15.7,13.8,0.202,0.0,13.5
2026-03-15 10:00:00+00:00,90,14.4,13.3,0.201,0.0,12.4
2026-03-15 11:00:00+00:00,91,13.7,13.6,0.201,0.0,11.899999999999999
2026-03-15 12:00:00+00:00,95,13.8,14.2,0.201,0.0,12.8
2026-03-15 13:00:00+00:00,97,13.7,14.4,0.201,0.0,13.1
2026-03-15 14:00:00+00:00,98,13.7,14.5,0.201,0.0,13.299999999999999
2026-03-15 15:00:00+00:00,98,13.8,14.6,0.201,0.0,13.4
2026-03-15 16:00:00+00:00,97,14.2,15.1,0.201,0.0,13.6
2026-03-15 17:00:00+00:00,96,14.5,15.8,0.201,0.0,13.7
2026-03-15 18:00:00+00:00,94,14.9,16.8,0.201,0.0,13.700000000000001
2026-03-15 19:00:00+00:00,92,15.6,18.3,0.201,0.0,14.0
2026-03-15 20:00:00+00:00,90,16.3,19.9,0.199,0.0,14.3
2026-03-15 21:00:00+00:00,88,16.5,21.1,0.198,0.0,14.1
2026-03-15 22:00:00+00:00,87,16.5,21.4,0.197,0.0,13.9
2026-03-15 23:00:00+00:00,86,16.7,21.3,0.195,0.0,13.899999999999999
2026-03-16 00:00:00+00:00,86,16.9,19.7,0.194,0.0,14.099999999999998
2026-03-16 01:00:00+00:00,86,16.8,18.5,0.194,0.0,14.0
2026-03-16 02:00:00+00:00,88,16.0,17.4,0.194,0.0,13.6
2026-03-16 03:00:00+00:00,91,15.3,16.7,0.194,0.0,13.5
2026-03-16 04:00:00+00:00,93,15.0,16.2,0.194,0.0,13.6
2026-03-16 05:00:00+00:00,95,14.2,15.0,0.194,0.0,13.2
2026-03-16 06:00:00+00:00,98,13.1,13.6,0.194,0.0,12.7
2026-03-16 07:00:00+00:00,99,12.5,12.9,0.194,0.0,12.3
2026-03-16 08:00:00+00:00,100,11.9,12.9,0.194,0.0,11.9
2026-03-16 09:00:00+00:00,99,12.8,13.1,0.194,0.0,12.600000000000001
2026-03-16 10:00:00+00:00,99,12.9,12.8,0.194,0.0,12.700000000000001
2026-03-16 11:00:00+00:00,99,14.8,14.3,0.194,0.0,14.600000000000001
2026-03-16 12:00:00+00:00,99,14.8,14.7,0.194,0.0,14.600000000000001
2026-03-16 13:00:00+00:00,99,14.7,14.9,0.194,0.0,14.5
2026-03-16 14:00:00+00:00,100,14.5,15.0,0.194,0.0,14.5
2026-03-16 15:00:00+00:00,100,14.4,15.1,0.194,0.0,14.4
2026-03-16 16:00:00+00:00,100,14.5,15.7,0.194,0.0,14.5
2026-03-16 17:00:00+00:00,100,15.2,16.5,0.194,0.0,15.2
2026-03-16 18:00:00+00:00,100,15.4,17.5,0.194,0.0,15.4
2026-03-16 19:00:00+00:00,100,15.5,18.6,0.193,0.0,15.5
2026-03-16 20:00:00+00:00,98,16.0,19.9,0.192,0.0,15.6
2026-03-16 21:00:00+00:00,95,17.1,20.8,0.19,0.0,16.1
2026-03-16 22:00:00+00:00,92,17.0,20.9,0.189,0.0,15.4
2026-03-16 23:00:00+00:00,91,17.2,20.8,0.188,0.0,15.399999999999999
2026-03-17 00:00:00+00:00,89,17.7,19.7,0.186,0.0,15.5
2026-03-17 01:00:00+00:00,87,17.5,18.8,0.187,0.0,14.9
2026-03-17 02:00:00+00:00,88,16.7,17.6,0.186,0.0,14.299999999999999
2026-03-17 03:00:00+00:00,91,15.6,15.7,0.186,0.0,13.799999999999999
2026-03-17 04:00:00+00:00,93,14.5,14.9,0.186,0.0,13.1
2026-03-17 05:00:00+00:00,95,14.2,14.2,0.186,0.0,13.2
2026-03-17 06:00:00+00:00,96,14.1,13.9,0.186,0.0,13.299999999999999
2026-03-17 07:00:00+00:00,97,13.9,13.7,0.186,0.0,13.3
2026-03-17 08:00:00+00:00,97,13.7,13.6,0.186,0.0,13.1
2026-03-17 09:00:00+00:00,97,13.4,13.4,0.186,0.0,12.8
2026-03-17 10:00:00+00:00,96,13.1,13.4,0.186,0.0,12.299999999999999
2026-03-17 11:00:00+00:00,95,12.8,12.9,0.186,0.0,11.8
2026-03-17 12:00:00+00:00,95,12.5,12.8,0.186,0.0,11.5
2026-03-17 13:00:00+00:00,95,12.5,12.7,0.186,0.0,11.5
2026-03-17 14:00:00+00:00,94,12.2,12.6,0.186,0.0,11.0
2026-03-17 15:00:00+00:00,93,12.8,12.9,0.186,0.0,11.4
2026-03-17 16:00:00+00:00,87,17.4,14.3,0.186,0.0,14.799999999999999
2026-03-17 17:00:00+00:00,70,23.9,16.0,0.185,0.0,17.9
2026-03-17 18:00:00+00:00,60,24.3,18.0,0.184,0.0,16.3
2026-03-17 19:00:00+00:00,45,27.2,19.9,0.183,0.0,16.2
2026-03-17 20:00:00+00:00,33,29.2,21.9,0.181,0.0,15.799999999999999
2026-03-17 21:00:00+00:00,32,28.7,23.3,0.179,0.0,15.1
2026-03-17 22:00:00+00:00,38,28.1,24.1,0.177,0.0,15.700000000000001
2026-03-17 23:00:00+00:00,35,28.4,23.7,0.175,0.0,15.399999999999999
2026-03-18 00:00:00+00:00,36,27.5,22.1,0.173,0.0,14.7
2026-03-18 01:00:00+00:00,66,23.4,20.9,0.172,0.0,16.599999999999998
2026-03-18 02:00:00+00:00,69,21.5,19.6,0.172,0.0,15.3
2026-03-18 03:00:00+00:00,77,19.4,18.6,0.172,0.0,14.799999999999999
2026-03-18 04:00:00+00:00,81,18.0,17.3,0.172,0.0,14.2
2026-03-18 05:00:00+00:00,87,17.1,16.2,0.172,0.0,14.500000000000002
2026-03-18 06:00:00+00:00,88,17.1,15.6,0.172,0.0,14.700000000000001
2026-03-18 07:00:00+00:00,89,16.3,15.0,0.172,0.0,14.100000000000001
2026-03-18 08:00:00+00:00,89,15.8,15.1,0.172,0.0,13.600000000000001
2026-03-18 09:00:00+00:00,91,16.0,14.8,0.172,0.0,14.2
2026-03-18 10:00:00+00:00,92,15.5,14.6,0.172,0.0,13.9
2026-03-18 11:00:00+00:00,91,15.5,14.0,0.171,0.0,13.7
2026-03-18 12:00:00+00:00,90,14.4,13.7,0.171,0.0,12.4
2026-03-18 13:00:00+00:00,88,14.1,13.3,0.171,0.0,11.7
2026-03-18 14:00:00+00:00,89,14.0,13.0,0.171,0.0,11.8
2026-03-18 15:00:00+00:00,89,14.1,13.5,0.171,0.0,11.899999999999999
2026-03-18 16:00:00+00:00,83,18.4,14.9,0.171,0.0,14.999999999999998
2026-03-18 17:00:00+00:00,72,21.0,16.6,0.171,0.0,15.4
2026-03-18 18:00:00+00:00,69,21.3,18.4,0.17,0.0,15.100000000000001
2026-03-18 19:00:00+00:00,62,22.4,20.3,0.169,0.0,14.799999999999999
2026-03-18 20:00:00+00:00,58,23.6,22.2,0.167,0.0,15.200000000000001
2026-03-18 21:00:00+00:00,53,24.5,23.8,0.166,0.0,15.1
2026-03-18 22:00:00+00:00,50,25.0,24.4,0.164,0.0,15.0
2026-03-18 23:00:00+00:00,70,22.8,23.9,0.163,0.0,16.8
2026-03-19 00:00:00+00:00,77,21.8,22.1,0.162,0.0,17.200000000000003
2026-03-19 01:00:00+00:00,77,21.1,20.7,0.162,0.0,16.5
2026-03-19 02:00:00+00:00,78,20.2,19.6,0.162,0.0,15.799999999999999
2026-03-19 03:00:00+00:00,80,18.8,18.7,0.162,0.0,14.8
2026-03-19 04:00:00+00:00,85,17.9,17.6,0.162,0.0,14.899999999999999
2026-03-19 05:00:00+00:00,89,16.5,16.2,0.162,0.0,14.3
2026-03-19 06:00:00+00:00,93,15.7,15.8,0.162,0.0,14.299999999999999
2026-03-19 07:00:00+00:00,95,16.0,15.6,0.162,0.0,15.0
2026-03-19 08:00:00+00:00,95,16.8,16.0,0.162,0.0,15.8
2026-03-19 09:00:00+00:00,94,16.0,15.1,0.162,0.0,14.8
2026-03-19 10:00:00+00:00,95,15.4,14.4,0.162,0.0,14.4
2026-03-19 11:00:00+00:00,96,14.7,14.3,0.162,0.0,13.899999999999999
2026-03-19 12:00:00+00:00,94,15.0,14.4,0.162,0.0,13.8
2026-03-19 13:00:00+00:00,87,17.1,14.8,0.162,0.0,14.500000000000002
2026-03-19 14:00:00+00:00,81,17.0,14.7,0.162,0.0,13.2
2026-03-19 15:00:00+00:00,83,16.5,14.8,0.162,0.0,13.1
2026-03-19 16:00:00+00:00,82,18.9,15.9,0.161,0.0,15.299999999999999
2026-03-19 17:00:00+00:00,75,21.5,17.5,0.161,0.0,16.5
2026-03-19 18:00:00+00:00,71,22.0,19.2,0.161,0.2,16.2
2026-03-19 19:00:00+00:00,64,23.2,21.0,0.159,0.0,16.0
2026-03-19 20:00:00+00:00,60,23.6,22.8,0.158,0.0,15.600000000000001
2026-03-19 21:00:00+00:00,67,23.1,24.0,0.157,0.0,16.5
2026-03-19 22:00:00+00:00,73,22.7,24.7,0.155,0.0,17.299999999999997
2026-03-19 23:00:00+00:00,76,22.3,24.2,0.154,0.0,17.5
2026-03-20 00:00:00+00:00,78,21.6,22.6,0.153,0.0,17.200000000000003
2026-03-20 01:00:00+00:00,79,20.7,21.1,0.153,0.0,16.5
2026-03-20 02:00:00+00:00,82,19.7,20.0,0.153,0.0,16.099999999999998
2026-03-20 03:00:00+00:00,88,18.1,18.4,0.153,0.0,15.700000000000001
2026-03-20 04:00:00+00:00,91,17.8,17.6,0.153,0.0,16.0
2026-03-20 05:00:00+00:00,92,17.3,17.2,0.153,0.0,15.700000000000001
2026-03-20 06:00:00+00:00,92,16.6,16.4,0.153,0.0,15.000000000000002
2026-03-20 07:00:00+00:00,93,16.1,15.8,0.153,0.0,14.700000000000001
2026-03-20 08:00:00+00:00,95,15.8,15.4,0.153,0.0,14.8
2026-03-20 09:00:00+00:00,95,15.8,15.1,0.153,0.0,14.8
2026-03-20 10:00:00+00:00,96,15.5,14.6,0.153,0.0,14.7
2026-03-20 11:00:00+00:00,97,15.0,14.2,0.152,0.0,14.4
2026-03-20 12:00:00+00:00,98,14.4,13.9,0.153,0.0,14.0
2026-03-20 13:00:00+00:00,99,13.6,13.6,0.152,0.0,13.4
2026-03-20 14:00:00+00:00,99,13.3,13.6,0.152,0.0,13.100000000000001
2026-03-20 15:00:00+00:00,97,14.0,14.0,0.152,0.0,13.4
2026-03-20 16:00:00+00:00,94,17.9,15.5,0.153,0.0,16.7
2026-03-20 17:00:00+00:00,84,20.9,17.3,0.152,0.0,17.7
2026-03-20 18:00:00+00:00,71,22.7,19.1,0.152,0.0,16.9
2026-03-20 19:00:00+00:00,63,22.7,21.0,0.15,0.0,15.299999999999999
2026-03-20 20:00:00+00:00,67,22.4,23.0,0.149,0.0,15.799999999999999
2026-03-20 21:00:00+00:00,71,22.2,24.3,0.147,0.0,16.4
2026-03-20 22:00:00+00:00,73,22.1,24.7,0.147,0.0,16.700000000000003
2026-03-20 23:00:00+00:00,77,21.6,24.3,0.145,0.0,17.0
2026-03-21 00:00:00+00:00,78,21.5,22.7,0.145,0.0,17.1
2026-03-21 01:00:00+00:00,77,21.3,21.4,0.144,0.0,16.700000000000003
2026-03-21 02:00:00+00:00,83,19.8,20.2,0.144,0.0,16.400000000000002
2026-03-21 03:00:00+00:00,87,18.6,19.2,0.144,0.0,16.0
2026-03-21 04:00:00+00:00,91,17.6,18.3,0.144,0.0,15.8
2026-03-21 05:00:00+00:00,92,17.1,17.7,0.144,0.0,15.500000000000002
2026-03-21 06:00:00+00:00,93,15.8,15.7,0.144,0.0,14.4
2026-03-21 07:00:00+00:00,95,14.5,14.7,0.144,0.0,13.5
2026-03-21 08:00:00+00:00,96,13.7,13.9,0.144,0.0,12.899999999999999
2026-03-21 09:00:00+00:00,97,13.2,13.4,0.144,0.0,12.6
2026-03-21 10:00:00+00:00,97,12.2,13.2,0.144,0.0,11.6
2026-03-21 11:00:00+00:00,98,12.3,13.1,0.144,0.0,11.9
2026-03-21 12:00:00+00:00,98,12.1,13.6,0.144,0.0,11.7
2026-03-21 13:00:00+00:00,98,11.9,12.8,0.143,0.0,11.5
2026-03-21 14:00:00+00:00,98,12.6,14.1,0.143,0.0,12.2
2026-03-21 15:00:00+00:00,99,13.8,15.0,0.143,0.0,13.600000000000001
2026-03-21 16:00:00+00:00,100,15.0,15.9,0.143,0.2,15.0
2026-03-21 17:00:00+00:00,100,15.9,17.1,0.143,0.0,15.9
2026-03-21 18:00:00+00:00,100,16.3,18.6,0.143,0.0,16.3
2026-03-21 19:00:00+00:00,100,16.2,19.1,0.143,0.2,16.2
2026-03-21 20:00:00+00:00,97,16.6,19.9,0.143,0.0,16.0
2026-03-21 21:00:00+00:00,94,17.4,21.6,0.142,0.0,16.2
2026-03-21 22:00:00+00:00,92,17.2,21.4,0.141,0.0,15.6
2026-03-21 23:00:00+00:00,93,16.6,20.3,0.141,0.0,15.200000000000001
2026-03-22 00:00:00+00:00,94,16.2,19.4,0.14,0.0,15.0
2026-03-22 01:00:00+00:00,95,16.1,19.1,0.14,0.0,15.100000000000001
2026-03-22 02:00:00+00:00,97,15.7,18.2,0.14,0.0,15.1
2026-03-22 03:00:00+00:00,98,15.2,17.7,0.14,0.0,14.799999999999999
2026-03-22 04:00:00+00:00,99,15.1,17.5,0.14,0.0,14.9
2026-03-22 05:00:00+00:00,99,15.0,17.4,0.14,0.0,14.8
2026-03-22 06:00:00+00:00,100,15.2,17.3,0.14,0.0,15.2
2026-03-22 07:00:00+00:00,100,15.3,17.2,0.14,0.0,15.3
2026-03-22 08:00:00+00:00,100,15.4,17.1,0.14,0.0,15.4
2026-03-22 09:00:00+00:00,100,15.4,17.0,0.14,0.0,15.4
2026-03-22 10:00:00+00:00,100,15.1,16.9,0.14,0.0,15.1
2026-03-22 11:00:00+00:00,100,14.8,16.7,0.14,0.0,14.8
2026-03-22 12:00:00+00:00,100,14.7,16.7,0.14,0.0,14.7
2026-03-22 13:00:00+00:00,100,14.7,16.6,0.14,0.0,14.7
2026-03-22 14:00:00+00:00,100,14.8,16.6,0.14,0.0,14.8
2026-03-22 15:00:00+00:00,100,15.1,16.8,0.14,0.0,15.1
2026-03-22 16:00:00+00:00,99,15.3,17.1,0.14,0.0,15.100000000000001
2026-03-22 17:00:00+00:00,98,15.6,17.4,0.14,0.0,15.2
2026-03-22 18:00:00+00:00,96,16.2,18.2,0.14,0.0,15.399999999999999
2026-03-22 19:00:00+00:00,93,16.9,19.8,0.139,0.0,15.499999999999998
2026-03-22 20:00:00+00:00,90,17.5,21.5,0.138,0.0,15.5
2026-03-22 21:00:00+00:00,87,17.4,21.1,0.137,0.0,14.799999999999999
2026-03-22 22:00:00+00:00,87,17.1,21.2,0.136,0.0,14.500000000000002
2026-03-22 23:00:00+00:00,88,17.4,20.6,0.136,0.0,14.999999999999998
2026-03-23 00:00:00+00:00,89,16.7,20.0,0.136,0.0,14.5
2026-03-23 01:00:00+00:00,91,16.3,19.3,0.136,0.0,14.5
2026-03-23 02:00:00+00:00,92,16.1,18.6,0.136,0.0,14.500000000000002
2026-03-23 03:00:00+00:00,94,15.7,18.0,0.136,0.0,14.5
2026-03-23 04:00:00+00:00,95,15.5,17.7,0.136,0.0,14.5
2026-03-23 05:00:00+00:00,96,15.4,17.6,0.136,0.0,14.6
2026-03-23 06:00:00+00:00,97,15.3,17.4,0.136,0.0,14.700000000000001
2026-03-23 07:00:00+00:00,98,15.4,17.3,0.136,0.0,15.0
2026-03-23 08:00:00+00:00,99,15.2,17.2,0.135,0.0,15.0
2026-03-23 09:00:00+00:00,99,14.9,17.1,0.135,0.0,14.700000000000001
2026-03-23 10:00:00+00:00,100,14.9,16.9,0.135,0.0,14.9
2026-03-23 11:00:00+00:00,100,14.7,16.8,0.135,0.0,14.7
2026-03-23 12:00:00+00:00,100,14.4,16.7,0.135,0.0,14.4
2026-03-23 13:00:00+00:00,100,14.0,16.5,0.135,0.0,14.0
2026-03-23 14:00:00+00:00,100,13.7,16.3,0.135,0.0,13.7
2026-03-23 15:00:00+00:00,100,14.0,16.5,0.135,0.0,14.0
2026-03-23 16:00:00+00:00,100,14.3,16.9,0.135,0.0,14.3
2026-03-23 17:00:00+00:00,100,14.8,17.5,0.135,0.0,14.8
2026-03-23 18:00:00+00:00,100,15.3,18.2,0.135,0.0,15.3
2026-03-23 19:00:00+00:00,98,16.1,19.3,0.135,0.0,15.700000000000001
2026-03-23 20:00:00+00:00,94,17.2,20.8,0.135,0.0,16.0
2026-03-23 21:00:00+00:00,90,17.6,22.2,0.134,0.0,15.600000000000001
2026-03-23 22:00:00+00:00,88,17.4,21.4,0.134,0.0,14.999999999999998
2026-03-23 23:00:00+00:00,89,16.7,20.7,0.133,0.0,14.5
2026-03-24 00:00:00+00:00,91,16.3,19.9,0.133,0.0,14.5
2026-03-24 01:00:00+00:00,93,16.0,19.1,0.133,0.0,14.6
2026-03-24 02:00:00+00:00,94,15.3,18.3,0.133,0.0,14.100000000000001
2026-03-24 03:00:00+00:00,96,15.1,17.9,0.133,0.0,14.299999999999999
2026-03-24 04:00:00+00:00,98,15.2,17.8,0.133,0.0,14.799999999999999
2026-03-24 05:00:00+00:00,99,15.1,17.7,0.133,0.0,14.9
2026-03-24 06:00:00+00:00,100,14.8,17.5,0.133,0.0,14.8
2026-03-24 07:00:00+00:00,100,14.8,17.4,0.133,0.0,14.8
2026-03-24 08:00:00+00:00,100,14.9,17.3,0.133,0.0,14.9
2026-03-24 09:00:00+00:00,99,15.2,17.2,0.133,0.0,15.0
2026-03-24 10:00:00+00:00,99,14.9,17.1,0.133,0.0,14.700000000000001
2026-03-24 11:00:00+00:00,98,14.9,17.0,0.133,0.0,14.5
2026-03-24 12:00:00+00:00,98,14.9,16.9,0.133,0.0,14.5
2026-03-24 13:00:00+00:00,97,15.1,16.8,0.132,0.0,14.5
2026-03-24 14:00:00+00:00,96,15.1,16.8,0.133,0.0,14.299999999999999
2026-03-24 15:00:00+00:00,96,15.1,16.8,0.132,0.0,14.299999999999999
2026-03-24 16:00:00+00:00,95,15.2,17.0,0.132,0.0,14.2
2026-03-24 17:00:00+00:00,94,15.5,17.6,0.132,0.0,14.3
2026-03-24 18:00:00+00:00,92,16.2,18.6,0.132,0.0,14.6
2026-03-24 19:00:00+00:00,88,17.0,20.3,0.132,0.0,14.6
2026-03-24 20:00:00+00:00,84,17.6,22.4,0.131,0.0,14.400000000000002
2026-03-24 21:00:00+00:00,82,17.8,23.6,0.13,0.0,14.200000000000001
2026-03-24 22:00:00+00:00,81,18.2,23.9,0.13,0.0,14.399999999999999
2026-03-24 23:00:00+00:00,81,17.9,22.5,0.129,0.0,14.099999999999998
2026-03-25 00:00:00+00:00,84,16.9,21.2,0.129,0.0,13.7
2026-03-25 01:00:00+00:00,88,15.9,19.8,0.129,0.0,13.5
2026-03-25 02:00:00+00:00,91,15.1,18.7,0.128,0.0,13.299999999999999
2026-03-25 03:00:00+00:00,93,14.8,18.0,0.128,0.0,13.4
2026-03-25 04:00:00+00:00,96,14.7,17.6,0.128,0.0,13.899999999999999
2026-03-25 05:00:00+00:00,97,14.7,17.4,0.128,0.0,14.1
2026-03-25 06:00:00+00:00,98,14.6,17.2,0.128,0.0,14.2
2026-03-25 07:00:00+00:00,99,14.5,17.2,0.128,0.0,14.3
2026-03-25 08:00:00+00:00,100,14.6,17.1,0.128,0.0,14.6
2026-03-25 09:00:00+00:00,100,14.4,16.9,0.128,0.0,14.4
2026-03-25 10:00:00+00:00,100,14.5,16.9,0.128,0.0,14.5
2026-03-25 11:00:00+00:00,100,14.6,16.9,0.128,0.0,14.6
2026-03-25 12:00:00+00:00,100,14.5,16.9,0.128,0.0,14.5
2026-03-25 13:00:00+00:00,100,14.4,16.8,0.128,0.0,14.4
2026-03-25 14:00:00+00:00,100,14.4,16.7,0.128,0.0,14.4
2026-03-25 15:00:00+00:00,100,14.4,16.7,0.128,0.0,14.4
2026-03-25 16:00:00+00:00,100,14.5,16.9,0.128,0.0,14.5
2026-03-25 17:00:00+00:00,100,14.8,17.1,0.128,0.0,14.8
2026-03-25 18:00:00+00:00,99,15.2,17.5,0.128,0.0,15.0
2026-03-25 19:00:00+00:00,97,15.6,17.9,0.128,0.0,15.0
2026-03-25 20:00:00+00:00,94,16.3,18.5,0.127,0.0,15.100000000000001
2026-03-25 21:00:00+00:00,92,16.4,18.6,0.127,0.0,14.799999999999999
2026-03-25 22:00:00+00:00,91,16.1,18.8,0.127,0.0,14.3
2026-03-25 23:00:00+00:00,90,16.5,19.4,0.127,0.0,14.5
2026-03-26 00:00:00+00:00,90,16.4,19.2,0.126,0.0,14.399999999999999
2026-03-26 01:00:00+00:00,91,15.7,18.2,0.126,0.0,13.899999999999999
2026-03-26 02:00:00+00:00,92,15.2,17.6,0.126,0.0,13.6
2026-03-26 03:00:00+00:00,94,14.6,16.8,0.126,0.0,13.4
2026-03-26 04:00:00+00:00,96,14.5,16.6,0.127,0.0,13.7
2026-03-26 05:00:00+00:00,97,14.4,16.2,0.127,0.0,13.8
2026-03-26 06:00:00+00:00,98,14.4,16.5,0.127,0.0,14.0
2026-03-26 07:00:00+00:00,98,14.9,16.6,0.127,0.0,14.5
2026-03-26 08:00:00+00:00,98,15.0,16.7,0.126,0.0,14.6
2026-03-26 09:00:00+00:00,98,14.8,16.6,0.127,0.0,14.4
2026-03-26 10:00:00+00:00,98,14.8,16.5,0.126,0.0,14.4
2026-03-26 11:00:00+00:00,98,14.5,16.5,0.126,0.0,14.1
2026-03-26 12:00:00+00:00,98,14.4,16.4,0.126,0.0,14.0
2026-03-26 13:00:00+00:00,98,14.1,16.3,0.126,0.0,13.7
2026-03-26 14:00:00+00:00,98,14.1,16.2,0.126,0.0,13.7
2026-03-26 15:00:00+00:00,98,14.4,16.4,0.126,0.0,14.0
2026-03-26 16:00:00+00:00,98,14.9,16.8,0.126,0.0,14.5
2026-03-26 17:00:00+00:00,96,15.6,17.3,0.126,0.0,14.799999999999999
2026-03-26 18:00:00+00:00,92,16.4,18.4,0.126,0.0,14.799999999999999
2026-03-26 19:00:00+00:00,88,17.2,20.1,0.125,0.0,14.799999999999999
2026-03-26 20:00:00+00:00,82,18.6,22.0,0.125,0.0,15.000000000000002
2026-03-26 21:00:00+00:00,79,19.1,23.5,0.124,0.0,14.900000000000002
2026-03-26 22:00:00+00:00,79,19.0,23.8,0.124,0.0,14.8
2026-03-26 23:00:00+00:00,80,18.5,23.2,0.123,0.0,14.5
2026-03-27 00:00:00+00:00,80,18.0,21.7,0.123,0.0,14.0
2026-03-27 01:00:00+00:00,82,17.2,20.6,0.123,0.0,13.6
2026-03-27 02:00:00+00:00,85,16.3,19.1,0.122,0.0,13.3
2026-03-27 03:00:00+00:00,88,15.6,17.7,0.122,0.0,13.2
2026-03-27 04:00:00+00:00,90,15.3,17.0,0.122,0.0,13.3
2026-03-27 05:00:00+00:00,92,14.8,15.9,0.122,0.0,13.200000000000001
2026-03-27 06:00:00+00:00,93,13.9,15.1,0.122,0.0,12.5
2026-03-27 07:00:00+00:00,95,13.6,14.9,0.122,0.0,12.6
2026-03-27 08:00:00+00:00,96,12.7,14.0,0.122,0.0,11.899999999999999
2026-03-27 09:00:00+00:00,97,12.4,13.7,0.122,0.0,11.8
2026-03-27 10:00:00+00:00,98,12.1,13.4,0.122,0.0,11.7
2026-03-27 11:00:00+00:00,99,11.9,13.1,0.122,0.0,11.700000000000001
2026-03-27 12:00:00+00:00,98,11.6,12.9,0.121,0.0,11.2
2026-03-27 13:00:00+00:00,98,13.6,14.3,0.121,0.0,13.2
2026-03-27 14:00:00+00:00,98,15.1,15.2,0.121,0.0,14.7
2026-03-27 15:00:00+00:00,97,15.5,15.8,0.121,0.0,14.9
2026-03-27 16:00:00+00:00,96,15.6,16.3,0.121,0.0,14.799999999999999
2026-03-27 17:00:00+00:00,95,15.9,16.9,0.121,0.0,14.9
2026-03-27 18:00:00+00:00,93,16.2,17.7,0.121,0.0,14.799999999999999
2026-03-27 19:00:00+00:00,90,17.4,19.9,0.121,0.0,15.399999999999999
2026-03-27 20:00:00+00:00,85,18.0,21.8,0.12,0.0,15.0
2026-03-27 21:00:00+00:00,84,17.9,23.4,0.12,0.0,14.7
2026-03-27 22:00:00+00:00,83,18.0,24.0,0.119,0.0,14.6
2026-03-27 23:00:00+00:00,82,18.0,23.4,0.119,0.0,14.4
2026-03-28 00:00:00+00:00,81,17.8,21.8,0.118,0.0,14.0
2026-03-28 01:00:00+00:00,83,17.2,20.2,0.118,0.0,13.799999999999999
2026-03-28 02:00:00+00:00,86,16.0,18.8,0.118,0.0,13.2
2026-03-28 03:00:00+00:00,90,15.2,17.8,0.118,0.0,13.2
2026-03-28 04:00:00+00:00,93,15.2,17.7,0.118,0.0,13.799999999999999
2026-03-28 05:00:00+00:00,96,14.8,17.5,0.118,0.0,14.0
2026-03-28 06:00:00+00:00,98,14.6,17.3,0.118,0.0,14.2
2026-03-28 07:00:00+00:00,99,14.5,17.1,0.118,0.0,14.3
2026-03-28 08:00:00+00:00,100,14.4,16.9,0.118,0.0,14.4
2026-03-28 09:00:00+00:00,100,14.4,16.9,0.118,0.0,14.4
2026-03-28 10:00:00+00:00,100,14.2,16.8,0.118,0.0,14.2
2026-03-28 11:00:00+00:00,100,14.1,16.7,0.118,0.0,14.1
2026-03-28 12:00:00+00:00,100,14.1,16.5,0.118,0.0,14.1
2026-03-28 13:00:00+00:00,100,14.0,16.5,0.118,0.0,14.0
2026-03-28 14:00:00+00:00,100,13.8,16.3,0.118,0.0,13.8
2026-03-28 15:00:00+00:00,100,13.8,16.4,0.118,0.0,13.8
2026-03-28 16:00:00+00:00,100,13.9,16.6,0.118,0.0,13.9
2026-03-28 17:00:00+00:00,100,14.0,17.0,0.118,0.0,14.0
2026-03-28 18:00:00+00:00,99,14.7,17.5,0.118,0.0,14.5
2026-03-28 19:00:00+00:00,96,15.7,18.9,0.118,0.0,14.899999999999999
2026-03-28 20:00:00+00:00,90,17.3,21.5,0.117,0.0,15.3
2026-03-28 21:00:00+00:00,83,17.6,22.3,0.117,0.0,14.200000000000001
2026-03-28 22:00:00+00:00,81,17.7,23.0,0.116,0.0,13.899999999999999
2026-03-28 23:00:00+00:00,83,17.0,21.7,0.116,0.0,13.6
2026-03-29 00:00:00+00:00,85,17.5,21.0,0.116,0.0,14.5
2026-03-29 01:00:00+00:00,86,16.9,19.9,0.116,0.0,14.099999999999998
2026-03-29 02:00:00+00:00,88,15.7,18.6,0.116,0.0,13.299999999999999
2026-03-29 03:00:00+00:00,90,14.9,16.6,0.115,0.0,12.9
2026-03-29 04:00:00+00:00,93,14.5,15.8,0.115,0.0,13.1
2026-03-29 05:00:00+00:00,95,13.9,15.3,0.116,0.0,12.9
2026-03-29 06:00:00+00:00,96,14.4,15.7,0.115,0.0,13.6
2026-03-29 07:00:00+00:00,96,14.7,15.9,0.115,0.0,13.899999999999999
2026-03-29 08:00:00+00:00,97,14.8,16.3,0.115,0.0,14.200000000000001
2026-03-29 09:00:00+00:00,98,14.3,15.8,0.115,0.0,13.9
2026-03-29 10:00:00+00:00,99,13.8,16.1,0.115,0.0,13.600000000000001
2026-03-29 11:00:00+00:00,100,13.9,16.2,0.115,0.0,13.9
2026-03-29 12:00:00+00:00,100,13.3,15.9,0.115,0.0,13.3
2026-03-29 13:00:00+00:00,100,13.5,16.0,0.115,0.0,13.5
2026-03-29 14:00:00+00:00,100,13.6,16.0,0.115,0.0,13.6
2026-03-29 15:00:00+00:00,100,13.8,16.2,0.115,0.0,13.8
2026-03-29 16:00:00+00:00,100,14.3,16.8,0.115,0.0,14.3
2026-03-29 17:00:00+00:00,100,14.7,17.8,0.115,0.0,14.7
2026-03-29 18:00:00+00:00,100,14.9,18.5,0.114,0.0,14.9
2026-03-29 19:00:00+00:00,99,15.7,19.9,0.114,0.0,15.5
2026-03-29 20:00:00+00:00,95,16.6,22.1,0.114,0.0,15.600000000000001
2026-03-29 21:00:00+00:00,91,16.9,23.2,0.113,0.0,15.099999999999998
2026-03-29 22:00:00+00:00,86,17.8,24.4,0.113,0.0,15.0
2026-03-29 23:00:00+00:00,84,17.5,22.5,0.113,0.0,14.3
2026-03-30 00:00:00+00:00,88,16.6,21.3,0.113,0.0,14.200000000000001
2026-03-30 01:00:00+00:00,92,16.2,20.1,0.113,0.0,14.6
2026-03-30 02:00:00+00:00,93,15.8,19.2,0.112,0.0,14.4
2026-03-30 03:00:00+00:00,95,14.8,17.1,0.112,0.0,13.8
2026-03-30 04:00:00+00:00,97,14.7,16.4,0.112,0.0,14.1
2026-03-30 05:00:00+00:00,98,15.2,17.2,0.112,0.0,14.799999999999999
2026-03-30 06:00:00+00:00,99,15.0,17.3,0.112,0.0,14.8
2026-03-30 07:00:00+00:00,99,14.8,17.3,0.112,0.0,14.600000000000001
2026-03-30 08:00:00+00:00,99,14.6,17.2,0.112,0.0,14.4
2026-03-30 09:00:00+00:00,99,14.3,17.0,0.112,0.0,14.100000000000001
2026-03-30 10:00:00+00:00,99,14.3,17.0,0.112,0.0,14.100000000000001
2026-03-30 11:00:00+00:00,100,14.3,16.9,0.112,0.0,14.3
2026-03-30 12:00:00+00:00,100,13.9,16.8,0.112,0.0,13.9
2026-03-30 13:00:00+00:00,100,14.0,16.7,0.112,0.0,14.0
2026-03-30 14:00:00+00:00,99,14.1,16.6,0.112,0.0,13.9
2026-03-30 15:00:00+00:00,98,14.3,16.7,0.112,0.0,13.9
2026-03-30 16:00:00+00:00,96,14.8,17.4,0.112,0.0,14.0
2026-03-30 17:00:00+00:00,92,15.8,18.5,0.112,0.0,14.200000000000001
2026-03-30 18:00:00+00:00,87,16.7,19.7,0.111,0.0,14.1
2026-03-30 19:00:00+00:00,83,17.0,20.9,0.111,0.0,13.6
2026-03-30 20:00:00+00:00,83,17.1,21.8,0.11,0.0,13.700000000000001
2026-03-30 21:00:00+00:00,83,17.2,22.2,0.11,0.0,13.799999999999999
2026-03-30 22:00:00+00:00,83,17.3,22.4,0.11,0.0,13.9
2026-03-30 23:00:00+00:00,84,16.9,21.5,0.11,0.0,13.7
2026-03-31 00:00:00+00:00,86,16.6,20.5,0.11,0.0,13.8
2026-03-31 01:00:00+00:00,86,16.7,20.0,0.11,0.0,13.899999999999999
2026-03-31 02:00:00+00:00,87,16.1,18.9,0.109,0.0,13.500000000000002
2026-03-31 03:00:00+00:00,90,15.7,18.0,0.11,0.0,13.7
2026-03-31 04:00:00+00:00,91,15.6,17.6,0.11,0.0,13.799999999999999
2026-03-31 05:00:00+00:00,91,15.7,17.7,0.109,0.0,13.899999999999999
2026-03-31 06:00:00+00:00,91,15.7,17.6,0.109,0.0,13.899999999999999
2026-03-31 07:00:00+00:00,91,15.7,17.5,0.109,0.0,13.899999999999999
2026-03-31 08:00:00+00:00,91,15.8,17.4,0.109,0.0,14.0
2026-03-31 09:00:00+00:00,91,15.7,17.3,0.109,0.0,13.899999999999999
2026-03-31 10:00:00+00:00,90,15.8,17.3,0.109,0.0,13.8
2026-03-31 11:00:00+00:00,90,16.0,17.3,0.109,0.0,14.0
2026-03-31 12:00:00+00:00,90,16.1,17.2,0.109,0.0,14.100000000000001
2026-03-31 13:00:00+00:00,90,16.4,17.2,0.109,0.0,14.399999999999999
2026-03-31 14:00:00+00:00,90,16.4,17.1,0.109,0.0,14.399999999999999
2026-03-31 15:00:00+00:00,91,16.4,17.3,0.109,0.0,14.599999999999998
2026-03-31 16:00:00+00:00,90,17.0,17.6,0.109,0.0,15.0
2026-03-31 17:00:00+00:00,88,17.5,18.1,0.109,0.0,15.1
2026-03-31 18:00:00+00:00,86,17.8,18.6,0.109,0.0,15.0
2026-03-31 19:00:00+00:00,85,18.1,19.4,0.109,0.0,15.100000000000001
2026-03-31 20:00:00+00:00,86,17.8,19.6,0.108,0.0,15.0
2026-03-31 21:00:00+00:00,87,17.8,20.2,0.108,0.0,15.200000000000001
2026-03-31 22:00:00+00:00,86,17.8,19.8,0.108,0.0,15.0
2026-03-31 23:00:00+00:00,86,17.7,19.3,0.108,0.0,14.899999999999999
2026-04-01 00:00:00+00:00,87,17.1,18.8,0.108,0.0,14.500000000000002
2026-04-01 01:00:00+00:00,89,16.4,18.2,0.108,0.0,14.2
2026-04-01 02:00:00+00:00,92,16.0,17.7,0.108,0.0,14.4
2026-04-01 03:00:00+00:00,93,16.3,17.5,0.108,0.0,14.9
2026-04-01 04:00:00+00:00,94,16.2,17.3,0.108,0.0,15.0
2026-04-01 05:00:00+00:00,95,16.0,17.2,0.108,1.5,15.0
2026-04-01 06:00:00+00:00,96,15.5,16.9,0.109,2.6,14.7
2026-04-01 07:00:00+00:00,97,15.1,16.8,0.114,0.0,14.5
2026-04-01 08:00:00+00:00,97,15.2,16.7,0.116,0.0,14.6
2026-04-01 09:00:00+00:00,96,14.8,16.3,0.117,0.0,14.0
2026-04-01 10:00:00+00:00,97,13.1,14.3,0.118,0.0,12.5
2026-04-01 11:00:00+00:00,98,12.3,13.6,0.119,0.0,11.9
2026-04-01 12:00:00+00:00,98,12.4,13.2,0.12,0.0,12.0
2026-04-01 13:00:00+00:00,98,11.4,12.8,0.12,0.0,11.0
2026-04-01 14:00:00+00:00,98,10.5,12.2,0.12,0.0,10.1
2026-04-01 15:00:00+00:00,99,11.0,12.9,0.12,0.0,10.8
2026-04-01 16:00:00+00:00,95,15.3,14.9,0.12,0.0,14.3
2026-04-01 17:00:00+00:00,87,16.6,16.2,0.12,0.0,14.000000000000002
2026-04-01 18:00:00+00:00,80,17.5,17.7,0.12,0.0,13.5
2026-04-01 19:00:00+00:00,77,18.6,19.7,0.12,0.0,14.000000000000002
2026-04-01 20:00:00+00:00,78,18.8,21.1,0.12,0.0,14.4
2026-04-01 21:00:00+00:00,79,18.9,22.1,0.12,0.0,14.7
2026-04-01 22:00:00+00:00,80,18.8,22.5,0.12,0.0,14.8
2026-04-01 23:00:00+00:00,81,18.4,22.0,0.119,0.0,14.599999999999998
2026-04-02 00:00:00+00:00,80,18.2,20.4,0.119,0.0,14.2
2026-04-02 01:00:00+00:00,78,17.5,18.9,0.119,0.0,13.1
2026-04-02 02:00:00+00:00,81,16.3,17.8,0.119,0.0,12.5
2026-04-02 03:00:00+00:00,83,16.1,17.0,0.119,0.0,12.700000000000001
2026-04-02 04:00:00+00:00,79,15.2,15.4,0.119,0.0,11.0
2026-04-02 05:00:00+00:00,78,13.7,13.9,0.119,0.0,9.299999999999999
2026-04-02 06:00:00+00:00,79,14.1,14.2,0.119,0.0,9.899999999999999
2026-04-02 07:00:00+00:00,81,12.3,13.2,0.119,0.0,8.5
2026-04-02 08:00:00+00:00,83,11.8,12.8,0.119,0.0,8.4
2026-04-02 09:00:00+00:00,82,12.5,12.7,0.119,0.0,8.9
2026-04-02 10:00:00+00:00,81,12.5,12.5,0.119,0.0,8.7
2026-04-02 11:00:00+00:00,84,11.7,12.5,0.119,0.0,8.5
2026-04-02 12:00:00+00:00,87,11.2,12.4,0.119,0.0,8.6
2026-04-02 13:00:00+00:00,87,11.9,12.2,0.119,0.0,9.3
2026-04-02 14:00:00+00:00,86,11.4,12.1,0.118,0.0,8.600000000000001
2026-04-02 15:00:00+00:00,87,11.7,12.9,0.118,0.0,9.1
2026-04-02 16:00:00+00:00,85,14.3,14.2,0.119,0.0,11.3
2026-04-02 17:00:00+00:00,77,16.7,15.9,0.118,0.0,12.1
2026-04-02 18:00:00+00:00,71,18.0,17.9,0.118,0.0,12.2
2026-04-02 19:00:00+00:00,67,18.6,20.0,0.117,0.0,12.000000000000002
2026-04-02 20:00:00+00:00,68,18.6,21.4,0.117,0.0,12.200000000000001
2026-04-02 21:00:00+00:00,68,18.9,23.1,0.116,0.0,12.499999999999998
2026-04-02 22:00:00+00:00,67,20.1,24.0,0.115,0.0,13.500000000000002
2026-04-02 23:00:00+00:00,65,20.3,23.1,0.115,0.0,13.3
2026-04-03 00:00:00+00:00,66,19.2,21.0,0.114,0.0,12.399999999999999
2026-04-03 01:00:00+00:00,66,18.4,19.3,0.114,0.0,11.599999999999998
2026-04-03 02:00:00+00:00,69,17.2,18.0,0.114,0.0,11.0
2026-04-03 03:00:00+00:00,69,16.5,16.7,0.114,0.0,10.3
2026-04-03 04:00:00+00:00,72,14.4,14.7,0.113,0.0,8.8
2026-04-03 05:00:00+00:00,68,15.6,14.5,0.113,0.0,9.2
2026-04-03 06:00:00+00:00,62,14.4,13.2,0.113,0.0,6.800000000000001
2026-04-03 07:00:00+00:00,66,15.0,13.6,0.113,0.0,8.2
2026-04-03 08:00:00+00:00,79,14.9,14.3,0.113,0.0,10.7
2026-04-03 09:00:00+00:00,86,12.9,13.2,0.113,0.0,10.100000000000001
2026-04-03 10:00:00+00:00,91,11.7,12.1,0.113,0.0,9.899999999999999
2026-04-03 11:00:00+00:00,94,10.3,11.6,0.113,0.0,9.100000000000001
2026-04-03 12:00:00+00:00,96,9.7,11.6,0.113,0.0,8.899999999999999
2026-04-03 13:00:00+00:00,97,9.2,11.2,0.113,0.0,8.6
2026-04-03 14:00:00+00:00,97,8.8,11.0,0.113,0.0,8.200000000000001
2026-04-03 15:00:00+00:00,95,10.2,12.1,0.113,0.0,9.2
2026-04-03 16:00:00+00:00,88,14.8,13.9,0.113,0.0,12.4
2026-04-03 17:00:00+00:00,80,17.2,15.9,0.112,0.0,13.2
2026-04-03 18:00:00+00:00,76,18.4,17.8,0.112,0.0,13.599999999999998
2026-04-03 19:00:00+00:00,76,18.9,19.9,0.112,0.0,14.099999999999998
2026-04-03 20:00:00+00:00,75,19.0,21.2,0.111,0.0,14.0
2026-04-03 21:00:00+00:00,75,19.3,23.2,0.11,0.0,14.3
2026-04-03 22:00:00+00:00,76,18.7,23.0,0.11,0.0,13.899999999999999
2026-04-03 23:00:00+00:00,76,18.4,21.7,0.11,0.0,13.599999999999998
2026-04-04 00:00:00+00:00,78,17.9,20.8,0.11,0.0,13.499999999999998
2026-04-04 01:00:00+00:00,78,18.2,19.9,0.109,0.0,13.799999999999999
2026-04-04 02:00:00+00:00,74,17.8,18.5,0.109,0.0,12.600000000000001
2026-04-04 03:00:00+00:00,76,15.7,16.4,0.109,0.0,10.899999999999999
2026-04-04 04:00:00+00:00,80,14.8,14.9,0.109,0.0,10.8
2026-04-04 05:00:00+00:00,83,14.0,14.3,0.109,0.0,10.6
2026-04-04 06:00:00+00:00,86,13.4,13.7,0.109,0.0,10.600000000000001
2026-04-04 07:00:00+00:00,87,13.2,13.7,0.109,0.0,10.6
2026-04-04 08:00:00+00:00,85,12.3,12.8,0.109,0.0,9.3
2026-04-04 09:00:00+00:00,80,12.0,12.2,0.108,0.0,8.0
2026-04-04 10:00:00+00:00,80,10.8,11.8,0.108,0.0,6.800000000000001
2026-04-04 11:00:00+00:00,78,9.6,11.0,0.108,0.0,5.199999999999999
2026-04-04 12:00:00+00:00,76,9.1,10.3,0.108,0.0,4.3
2026-04-04 13:00:00+00:00,77,8.4,9.6,0.108,0.0,3.8000000000000007
2026-04-04 14:00:00+00:00,74,7.8,9.3,0.108,0.0,2.5999999999999996
2026-04-04 15:00:00+00:00,71,9.7,10.7,0.108,0.0,3.8999999999999995
2026-04-04 16:00:00+00:00,64,15.0,12.7,0.108,0.0,7.8
2026-04-04 17:00:00+00:00,39,20.9,14.8,0.107,0.0,8.7
2026-04-04 18:00:00+00:00,32,22.1,17.2,0.107,0.0,8.500000000000002
2026-04-04 19:00:00+00:00,33,22.6,20.1,0.106,0.0,9.200000000000001
2026-04-04 20:00:00+00:00,40,22.3,22.6,0.106,0.0,10.3
2026-04-04 21:00:00+00:00,45,22.1,25.1,0.105,0.0,11.100000000000001
2026-04-04 22:00:00+00:00,44,22.4,26.5,0.105,0.0,11.2
2026-04-04 23:00:00+00:00,50,21.9,25.6,0.104,0.0,11.899999999999999
2026-04-05 00:00:00+00:00,54,21.9,23.3,0.103,0.0,12.7
2026-04-05 01:00:00+00:00,59,21.1,21.6,0.103,0.0,12.900000000000002
2026-04-05 02:00:00+00:00,70,19.0,19.7,0.103,0.0,13.0
2026-04-05 03:00:00+00:00,76,17.0,17.8,0.103,0.0,12.2
2026-04-05 04:00:00+00:00,79,14.8,15.0,0.103,0.0,10.600000000000001
2026-04-05 05:00:00+00:00,75,14.2,13.8,0.103,0.0,9.2
2026-04-05 06:00:00+00:00,72,13.3,12.9,0.103,0.0,7.700000000000001
2026-04-05 07:00:00+00:00,68,12.5,12.4,0.102,0.0,6.1
2026-04-05 08:00:00+00:00,68,12.6,11.9,0.102,0.0,6.199999999999999
2026-04-05 09:00:00+00:00,78,11.8,11.5,0.102,0.0,7.4
2026-04-05 10:00:00+00:00,79,11.1,11.2,0.102,0.0,6.8999999999999995
2026-04-05 11:00:00+00:00,77,10.8,10.9,0.102,0.0,6.200000000000001
2026-04-05 12:00:00+00:00,74,10.4,10.7,0.102,0.0,5.2
2026-04-05 13:00:00+00:00,69,9.8,10.3,0.102,0.0,3.6000000000000005
2026-04-05 14:00:00+00:00,68,9.5,10.7,0.102,0.0,3.0999999999999996
2026-04-05 15:00:00+00:00,61,12.0,12.0,0.102,0.0,4.2
2026-04-05 16:00:00+00:00,52,16.9,13.9,0.102,0.0,7.299999999999999
2026-04-05 17:00:00+00:00,39,21.4,15.8,0.102,0.0,9.2
2026-04-05 18:00:00+00:00,42,21.5,18.1,0.101,0.0,9.9
2026-04-05 19:00:00+00:00,47,22.0,20.9,0.101,0.0,11.4
2026-04-05 20:00:00+00:00,57,21.5,23.1,0.1,0.0,12.9
2026-04-05 21:00:00+00:00,61,21.2,25.8,0.1,0.0,13.399999999999999
2026-04-05 22:00:00+00:00,65,20.8,25.7,0.1,0.0,13.8
2026-04-05 23:00:00+00:00,59,21.6,25.5,0.1,0.0,13.400000000000002
2026-04-06 00:00:00+00:00,59,21.3,23.5,0.099,0.0,13.100000000000001
2026-04-06 01:00:00+00:00,73,19.2,21.3,0.099,0.0,13.799999999999999
2026-04-06 02:00:00+00:00,69,18.6,19.4,0.099,0.0,12.400000000000002
2026-04-06 03:00:00+00:00,78,16.9,18.2,0.098,0.0,12.499999999999998
2026-04-06 04:00:00+00:00,87,16.5,17.8,0.098,0.0,13.9
2026-04-06 05:00:00+00:00,92,14.9,15.6,0.098,0.0,13.3
2026-04-06 06:00:00+00:00,94,14.4,15.0,0.098,0.0,13.200000000000001
2026-04-06 07:00:00+00:00,95,14.2,14.9,0.098,0.0,13.2
2026-04-06 08:00:00+00:00,91,13.2,14.1,0.098,0.0,11.399999999999999
2026-04-06 09:00:00+00:00,89,13.7,14.3,0.098,0.0,11.5
2026-04-06 10:00:00+00:00,89,13.8,14.4,0.097,0.0,11.600000000000001
2026-04-06 11:00:00+00:00,89,14.5,14.8,0.097,0.0,12.3
2026-04-06 12:00:00+00:00,89,14.6,15.0,0.097,0.0,12.399999999999999
2026-04-06 13:00:00+00:00,91,15.1,15.4,0.097,0.0,13.299999999999999
2026-04-06 14:00:00+00:00,93,14.4,14.5,0.097,0.0,13.0
2026-04-06 15:00:00+00:00,95,14.2,14.9,0.097,0.0,13.2
2026-04-06 16:00:00+00:00,94,17.0,16.4,0.097,0.0,15.8
2026-04-06 17:00:00+00:00,88,18.3,18.0,0.097,0.0,15.9
2026-04-06 18:00:00+00:00,81,19.3,19.8,0.097,0.0,15.5
2026-04-06 19:00:00+00:00,75,19.8,22.3,0.097,0.0,14.8
2026-04-06 20:00:00+00:00,76,20.2,24.3,0.097,0.0,15.399999999999999
2026-04-06 21:00:00+00:00,74,20.4,26.2,0.097,0.0,15.2
2026-04-06 22:00:00+00:00,73,20.4,27.1,0.096,0.0,14.999999999999998
2026-04-06 23:00:00+00:00,72,20.3,26.3,0.096,0.0,14.700000000000001
2026-04-07 00:00:00+00:00,73,19.7,24.0,0.096,0.0,14.299999999999999
2026-04-07 01:00:00+00:00,70,20.5,22.5,0.096,0.0,14.5
2026-04-07 02:00:00+00:00,70,18.9,20.6,0.096,0.0,12.899999999999999
2026-04-07 03:00:00+00:00,74,17.3,18.2,0.096,0.0,12.100000000000001
2026-04-07 04:00:00+00:00,77,16.3,16.6,0.096,0.0,11.700000000000001
2026-04-07 05:00:00+00:00,80,15.2,15.4,0.095,0.0,11.2
2026-04-07 06:00:00+00:00,82,15.1,14.8,0.095,0.0,11.5
2026-04-07 07:00:00+00:00,87,15.3,15.0,0.095,0.0,12.700000000000001
2026-04-07 08:00:00+00:00,91,15.5,15.5,0.095,0.0,13.7
2026-04-07 09:00:00+00:00,92,14.4,15.1,0.095,0.0,12.8
2026-04-07 10:00:00+00:00,92,14.3,14.7,0.095,0.0,12.700000000000001
2026-04-07 11:00:00+00:00,93,13.1,14.0,0.095,0.0,11.7
2026-04-07 12:00:00+00:00,94,12.7,13.6,0.095,0.0,11.5
2026-04-07 13:00:00+00:00,95,12.0,12.6,0.095,0.0,11.0
2026-04-07 14:00:00+00:00,97,11.1,12.3,0.095,0.0,10.5
2026-04-07 15:00:00+00:00,97,12.5,13.7,0.095,0.0,11.9
2026-04-07 16:00:00+00:00,93,16.0,15.6,0.095,0.0,14.6
2026-04-07 17:00:00+00:00,85,17.7,17.4,0.095,0.0,14.7
2026-04-07 18:00:00+00:00,80,18.6,19.5,0.095,0.0,14.600000000000001
2026-04-07 19:00:00+00:00,78,18.8,21.9,0.094,0.0,14.4
2026-04-07 20:00:00+00:00,76,19.4,24.1,0.095,0.0,14.599999999999998
2026-04-07 21:00:00+00:00,75,19.5,26.0,0.095,0.0,14.5
2026-04-07 22:00:00+00:00,72,19.6,27.0,0.094,0.0,14.000000000000002
2026-04-07 23:00:00+00:00,67,19.9,26.4,0.094,0.0,13.299999999999999
2026-04-08 00:00:00+00:00,65,20.1,24.3,0.094,0.0,13.100000000000001
2026-04-08 01:00:00+00:00,72,19.0,22.5,0.094,0.0,13.4
2026-04-08 02:00:00+00:00,77,17.9,20.6,0.093,0.0,13.299999999999999
2026-04-08 03:00:00+00:00,81,16.3,18.0,0.093,0.0,12.5
2026-04-08 04:00:00+00:00,86,15.6,16.6,0.093,0.0,12.8
2026-04-08 05:00:00+00:00,89,14.2,15.4,0.093,0.0,12.0
2026-04-08 06:00:00+00:00,91,14.1,14.9,0.092,0.0,12.299999999999999
2026-04-08 07:00:00+00:00,92,14.3,15.1,0.092,0.0,12.700000000000001
2026-04-08 08:00:00+00:00,91,14.4,14.6,0.092,0.0,12.6
2026-04-08 09:00:00+00:00,92,12.7,13.5,0.092,0.0,11.1
2026-04-08 10:00:00+00:00,93,11.9,12.8,0.092,0.0,10.5
2026-04-08 11:00:00+00:00,94,11.0,12.3,0.092,0.0,9.8
2026-04-08 12:00:00+00:00,95,10.6,12.2,0.092,0.0,9.6
2026-04-08 13:00:00+00:00,96,10.3,12.1,0.092,0.0,9.5
2026-04-08 14:00:00+00:00,96,10.1,12.1,0.092,0.0,9.299999999999999
2026-04-08 15:00:00+00:00,97,12.4,13.5,0.092,0.0,11.8
2026-04-08 16:00:00+00:00,94,16.2,15.5,0.092,0.0,15.0
2026-04-08 17:00:00+00:00,90,17.9,17.5,0.092,0.0,15.899999999999999
2026-04-08 18:00:00+00:00,82,19.0,19.6,0.092,0.0,15.4
2026-04-08 19:00:00+00:00,80,19.2,22.3,0.092,0.0,15.2
2026-04-08 20:00:00+00:00,80,19.4,24.6,0.092,0.0,15.399999999999999
2026-04-08 21:00:00+00:00,77,19.8,26.4,0.092,0.0,15.200000000000001
2026-04-08 22:00:00+00:00,75,20.3,27.6,0.091,0.0,15.3
2026-04-08 23:00:00+00:00,72,20.7,27.0,0.092,0.0,15.1
2026-04-09 00:00:00+00:00,62,20.9,25.0,0.091,0.0,13.299999999999999
2026-04-09 01:00:00+00:00,73,19.2,23.0,0.091,0.0,13.799999999999999
2026-04-09 02:00:00+00:00,78,18.4,21.1,0.091,0.0,13.999999999999998
2026-04-09 03:00:00+00:00,82,17.0,19.0,0.091,0.0,13.4
2026-04-09 04:00:00+00:00,69,21.7,18.8,0.091,0.0,15.5
2026-04-09 05:00:00+00:00,43,24.1,18.8,0.091,0.0,12.700000000000001
2026-04-09 06:00:00+00:00,51,22.3,18.3,0.09,0.0,12.5
2026-04-09 07:00:00+00:00,76,17.8,17.5,0.09,0.0,13.0
2026-04-09 08:00:00+00:00,79,17.5,17.2,0.09,0.0,13.3
2026-04-09 09:00:00+00:00,83,16.3,16.2,0.09,0.0,12.9
2026-04-09 10:00:00+00:00,87,16.3,16.5,0.09,0.0,13.700000000000001
2026-04-09 11:00:00+00:00,90,16.8,16.9,0.09,0.0,14.8
2026-04-09 12:00:00+00:00,92,16.5,16.9,0.09,0.0,14.9
2026-04-09 13:00:00+00:00,92,15.9,16.4,0.09,0.0,14.3
2026-04-09 14:00:00+00:00,93,14.9,15.8,0.09,0.0,13.5
2026-04-09 15:00:00+00:00,94,15.5,16.3,0.09,0.0,14.3
2026-04-09 16:00:00+00:00,92,17.3,17.9,0.09,0.0,15.700000000000001
2026-04-09 17:00:00+00:00,88,18.3,19.7,0.09,0.0,15.9
2026-04-09 18:00:00+00:00,84,18.9,21.6,0.09,0.0,15.7
2026-04-09 19:00:00+00:00,79,19.5,22.8,0.09,0.0,15.3
2026-04-09 20:00:00+00:00,79,19.6,24.7,0.09,0.0,15.400000000000002
2026-04-09 21:00:00+00:00,75,20.7,26.1,0.09,0.0,15.7
2026-04-09 22:00:00+00:00,73,20.7,26.0,0.089,0.0,15.299999999999999
2026-04-09 23:00:00+00:00,75,20.3,26.4,0.089,0.0,15.3
2026-04-10 00:00:00+00:00,78,18.2,23.1,0.089,0.0,13.799999999999999
2026-04-10 01:00:00+00:00,80,17.1,21.8,0.089,0.0,13.100000000000001
2026-04-10 02:00:00+00:00,84,16.2,20.1,0.089,0.0,13.0
2026-04-10 03:00:00+00:00,88,15.6,18.8,0.089,0.0,13.2
2026-04-10 04:00:00+00:00,91,15.2,17.8,0.089,0.0,13.399999999999999
2026-04-10 05:00:00+00:00,93,14.6,16.6,0.089,0.0,13.2
2026-04-10 06:00:00+00:00,95,14.8,17.2,0.088,0.0,13.8
2026-04-10 07:00:00+00:00,96,14.7,16.9,0.088,0.0,13.899999999999999
2026-04-10 08:00:00+00:00,97,14.9,17.3,0.088,0.0,14.3
2026-04-10 09:00:00+00:00,97,14.8,17.3,0.088,0.0,14.200000000000001
2026-04-10 10:00:00+00:00,97,14.6,17.2,0.088,0.0,14.0
2026-04-10 11:00:00+00:00,96,14.5,17.1,0.088,0.0,13.7
2026-04-10 12:00:00+00:00,96,14.4,17.0,0.088,0.0,13.6
2026-04-10 13:00:00+00:00,95,14.4,16.8,0.088,0.0,13.4
2026-04-10 14:00:00+00:00,93,14.4,16.7,0.088,0.0,13.0
2026-04-10 15:00:00+00:00,91,14.6,16.8,0.088,0.0,12.799999999999999
2026-04-10 16:00:00+00:00,89,15.0,17.3,0.088,0.0,12.8
2026-04-10 17:00:00+00:00,87,15.5,17.8,0.088,0.0,12.9
2026-04-10 18:00:00+00:00,87,15.4,18.3,0.088,0.0,12.8
2026-04-10 19:00:00+00:00,88,15.7,19.2,0.088,0.0,13.299999999999999
2026-04-10 20:00:00+00:00,86,16.6,20.3,0.088,0.0,13.8
2026-04-10 21:00:00+00:00,81,18.0,24.2,0.088,0.0,14.2
2026-04-10 22:00:00+00:00,77,18.5,23.8,0.088,0.0,13.9
2026-04-10 23:00:00+00:00,78,18.1,23.7,0.088,0.0,13.700000000000001
2026-04-11 00:00:00+00:00,80,17.6,23.4,0.088,0.0,13.600000000000001
2026-04-11 01:00:00+00:00,81,17.1,21.3,0.088,0.0,13.3
2026-04-11 02:00:00+00:00,82,16.8,20.1,0.087,0.0,13.200000000000001
2026-04-11 03:00:00+00:00,85,16.0,19.2,0.087,0.0,13.0
2026-04-11 04:00:00+00:00,86,15.7,18.1,0.087,0.0,12.899999999999999
2026-04-11 05:00:00+00:00,87,15.4,17.5,0.087,0.0,12.8
2026-04-11 06:00:00+00:00,89,14.3,15.9,0.087,0.0,12.100000000000001
2026-04-11 07:00:00+00:00,92,13.6,14.9,0.087,0.0,12.0
2026-04-11 08:00:00+00:00,94,12.7,14.5,0.087,0.0,11.5
2026-04-11 09:00:00+00:00,96,12.7,15.3,0.087,0.0,11.899999999999999
2026-04-11 10:00:00+00:00,96,12.6,14.1,0.087,0.0,11.799999999999999
2026-04-11 11:00:00+00:00,96,11.6,13.4,0.087,0.0,10.799999999999999
2026-04-11 12:00:00+00:00,97,11.4,13.5,0.087,0.0,10.8
2026-04-11 13:00:00+00:00,98,11.4,13.4,0.086,0.0,11.0
2026-04-11 14:00:00+00:00,97,11.8,14.5,0.086,0.0,11.200000000000001
2026-04-11 15:00:00+00:00,95,13.1,15.5,0.086,0.0,12.1
2026-04-11 16:00:00+00:00,90,15.4,17.0,0.086,0.0,13.4
2026-04-11 17:00:00+00:00,79,17.0,18.2,0.086,0.0,12.8
2026-04-11 18:00:00+00:00,75,18.1,19.8,0.086,0.0,13.100000000000001
2026-04-11 19:00:00+00:00,72,18.5,22.2,0.086,0.0,12.9
2026-04-11 20:00:00+00:00,70,18.7,24.1,0.086,0.0,12.7
2026-04-11 21:00:00+00:00,70,18.4,24.3,0.086,0.0,12.399999999999999
2026-04-11 22:00:00+00:00,69,18.8,26.1,0.086,0.0,12.600000000000001
2026-04-11 23:00:00+00:00,68,19.1,26.2,0.086,0.0,12.700000000000001
2026-04-12 00:00:00+00:00,69,18.3,23.3,0.086,0.0,12.100000000000001
2026-04-12 01:00:00+00:00,75,17.3,21.3,0.086,0.0,12.3
2026-04-12 02:00:00+00:00,77,16.4,19.9,0.086,0.0,11.799999999999999
2026-04-12 03:00:00+00:00,77,15.8,18.5,0.085,0.0,11.200000000000001
2026-04-12 04:00:00+00:00,78,15.5,17.8,0.085,0.0,11.1
2026-04-12 05:00:00+00:00,78,15.9,17.7,0.085,0.0,11.5
2026-04-12 06:00:00+00:00,79,15.8,17.6,0.085,0.0,11.600000000000001
2026-04-12 07:00:00+00:00,77,16.1,17.5,0.085,0.0,11.500000000000002
2026-04-12 08:00:00+00:00,78,16.2,17.5,0.085,0.0,11.799999999999999
2026-04-12 09:00:00+00:00,80,15.8,17.5,0.085,0.0,11.8
2026-04-12 10:00:00+00:00,85,14.5,16.5,0.088,4.5,11.5
2026-04-12 11:00:00+00:00,90,14.2,16.3,0.098,0.0,12.2
2026-04-12 12:00:00+00:00,91,13.7,15.5,0.099,0.0,11.899999999999999
2026-04-12 13:00:00+00:00,90,13.1,14.8,0.101,0.0,11.1
2026-04-12 14:00:00+00:00,89,11.6,13.4,0.101,0.0,9.399999999999999
2026-04-12 15:00:00+00:00,89,12.1,14.0,0.102,0.0,9.899999999999999
2026-04-12 16:00:00+00:00,83,14.7,15.3,0.103,0.0,11.299999999999999
2026-04-12 17:00:00+00:00,74,16.3,16.4,0.103,0.0,11.100000000000001
2026-04-12 18:00:00+00:00,65,17.4,17.7,0.103,0.0,10.399999999999999
2026-04-12 19:00:00+00:00,63,17.8,19.1,0.103,0.0,10.4
2026-04-12 20:00:00+00:00,64,18.5,20.7,0.103,0.0,11.3
2026-04-12 21:00:00+00:00,62,19.0,22.6,0.103,0.0,11.4
2026-04-12 22:00:00+00:00,61,18.5,23.4,0.103,0.0,10.7
2026-04-12 23:00:00+00:00,62,18.3,22.7,0.102,0.0,10.700000000000001
2026-04-13 00:00:00+00:00,63,17.3,20.3,0.102,0.0,9.9
2026-04-13 01:00:00+00:00,65,16.0,18.6,0.101,0.0,9.0
2026-04-13 02:00:00+00:00,69,15.6,17.7,0.101,0.0,9.399999999999999
2026-04-13 03:00:00+00:00,71,15.2,16.8,0.101,0.0,9.399999999999999
2026-04-13 04:00:00+00:00,73,14.8,16.2,0.101,0.0,9.4
2026-04-13 05:00:00+00:00,70,13.4,14.8,0.101,0.0,7.4
2026-04-13 06:00:00+00:00,73,12.3,13.5,0.101,0.0,6.9
2026-04-13 07:00:00+00:00,76,10.9,12.1,0.1,0.0,6.1000000000000005
2026-04-13 08:00:00+00:00,75,11.3,11.4,0.1,0.0,6.300000000000001
2026-04-13 09:00:00+00:00,78,9.4,10.7,0.1,0.0,5.0
2026-04-13 10:00:00+00:00,81,8.8,10.3,0.1,0.0,5.000000000000001
2026-04-13 11:00:00+00:00,86,8.0,9.8,0.1,0.0,5.2
2026-04-13 12:00:00+00:00,87,8.5,9.4,0.1,0.0,5.9
2026-04-13 13:00:00+00:00,88,7.7,9.2,0.1,0.0,5.300000000000001
2026-04-13 14:00:00+00:00,89,7.7,9.1,0.1,0.0,5.5
2026-04-13 15:00:00+00:00,87,10.9,11.0,0.1,0.0,8.3
2026-04-13 16:00:00+00:00,77,14.1,12.8,0.1,0.0,9.5
2026-04-13 17:00:00+00:00,69,15.8,14.9,0.099,0.0,9.600000000000001
2026-04-13 18:00:00+00:00,56,17.0,16.5,0.099,0.0,8.2
2026-04-13 19:00:00+00:00,54,18.4,19.1,0.098,0.0,9.2
2026-04-13 20:00:00+00:00,54,18.9,20.8,0.098,0.0,9.7
2026-04-13 21:00:00+00:00,52,19.6,23.2,0.098,0.0,10.000000000000002
2026-04-13 22:00:00+00:00,60,18.5,23.4,0.097,0.0,10.5
2026-04-13 23:00:00+00:00,63,17.8,22.4,0.097,0.0,10.4
2026-04-14 00:00:00+00:00,59,18.0,21.0,0.097,0.0,9.8
2026-04-14 01:00:00+00:00,59,17.8,19.6,0.096,0.0,9.600000000000001
2026-04-14 02:00:00+00:00,62,16.7,18.0,0.095,0.0,9.1
2026-04-14 03:00:00+00:00,67,15.4,16.8,0.095,0.0,8.8
2026-04-14 04:00:00+00:00,67,14.8,16.1,0.095,0.0,8.200000000000001
2026-04-14 05:00:00+00:00,68,13.8,14.5,0.095,0.0,7.4
2026-04-14 06:00:00+00:00,73,13.0,13.6,0.095,0.0,7.6
2026-04-14 07:00:00+00:00,75,13.1,13.2,0.094,0.0,8.1
2026-04-14 08:00:00+00:00,69,13.9,13.3,0.094,0.0,7.7
2026-04-14 09:00:00+00:00,72,12.9,13.1,0.094,0.0,7.300000000000001
2026-04-14 10:00:00+00:00,74,11.5,11.7,0.094,0.0,6.3
2026-04-14 11:00:00+00:00,77,9.6,10.8,0.094,0.0,5.0
2026-04-14 12:00:00+00:00,80,9.0,10.2,0.094,0.0,5.0
2026-04-14 13:00:00+00:00,84,7.9,9.6,0.093,0.0,4.7
2026-04-14 14:00:00+00:00,88,7.4,9.4,0.094,0.0,5.0
2026-04-14 15:00:00+00:00,88,10.6,11.4,0.093,0.0,8.2
2026-04-14 16:00:00+00:00,83,15.0,13.8,0.093,0.0,11.6
2026-04-14 17:00:00+00:00,78,16.2,15.9,0.093,0.0,11.799999999999999
2026-04-14 18:00:00+00:00,75,16.8,18.1,0.093,0.0,11.8
2026-04-14 19:00:00+00:00,76,17.2,20.4,0.093,0.0,12.399999999999999
2026-04-14 20:00:00+00:00,74,17.8,22.5,0.093,0.0,12.600000000000001
2026-04-14 21:00:00+00:00,67,18.0,24.6,0.092,0.0,11.4
2026-04-14 22:00:00+00:00,66,18.7,25.6,0.092,0.0,11.899999999999999
2026-04-14 23:00:00+00:00,59,18.7,24.8,0.092,0.0,10.5
2026-04-15 00:00:00+00:00,71,17.8,22.9,0.092,0.0,12.0
2026-04-15 01:00:00+00:00,72,17.7,21.3,0.092,0.0,12.1
2026-04-15 02:00:00+00:00,74,16.9,19.5,0.091,0.0,11.7
2026-04-15 03:00:00+00:00,76,16.0,17.3,0.091,0.0,11.2
2026-04-15 04:00:00+00:00,70,15.9,15.8,0.091,0.0,9.9
2026-04-15 05:00:00+00:00,73,14.1,14.1,0.091,0.0,8.7
2026-04-15 06:00:00+00:00,76,13.4,13.2,0.091,0.0,8.600000000000001
2026-04-15 07:00:00+00:00,79,12.3,12.4,0.091,0.0,8.100000000000001
2026-04-15 08:00:00+00:00,82,11.3,12.3,0.091,0.0,7.700000000000001
2026-04-15 09:00:00+00:00,85,10.9,11.8,0.09,0.0,7.9
2026-04-15 10:00:00+00:00,89,10.6,11.7,0.09,0.0,8.399999999999999
2026-04-15 11:00:00+00:00,90,9.6,11.0,0.09,0.0,7.6
2026-04-15 12:00:00+00:00,91,8.8,10.7,0.09,0.0,7.000000000000001
2026-04-15 13:00:00+00:00,92,8.6,10.0,0.09,0.0,7.0
2026-04-15 14:00:00+00:00,93,8.3,10.1,0.09,0.0,6.9
2026-04-15 15:00:00+00:00,92,11.1,12.0,0.09,0.0,9.5
2026-04-15 16:00:00+00:00,84,15.2,14.0,0.09,0.0,12.0
2026-04-15 17:00:00+00:00,78,16.3,15.7,0.09,0.0,11.9
2026-04-15 18:00:00+00:00,76,17.2,18.0,0.09,0.0,12.399999999999999
2026-04-15 19:00:00+00:00,75,17.6,20.4,0.09,0.0,12.600000000000001
2026-04-15 20:00:00+00:00,72,17.8,22.3,0.089,0.0,12.200000000000001
2026-04-15 21:00:00+00:00,69,18.5,24.8,0.089,0.0,12.3
2026-04-15 22:00:00+00:00,67,18.8,26.2,0.089,0.0,12.200000000000001
2026-04-15 23:00:00+00:00,71,18.6,25.4,0.089,0.0,12.8
2026-04-16 00:00:00+00:00,74,17.7,23.5,0.089,0.0,12.5
2026-04-16 01:00:00+00:00,77,17.1,21.5,0.089,0.0,12.500000000000002
2026-04-16 02:00:00+00:00,78,16.9,19.7,0.089,0.0,12.499999999999998
2026-04-16 03:00:00+00:00,81,15.0,16.7,0.088,0.0,11.2
2026-04-16 04:00:00+00:00,82,14.8,15.5,0.089,0.0,11.200000000000001
2026-04-16 05:00:00+00:00,80,14.9,15.2,0.089,0.0,10.9
2026-04-16 06:00:00+00:00,85,14.0,14.0,0.088,0.0,11.0
2026-04-16 07:00:00+00:00,88,13.1,13.4,0.088,0.0,10.7
2026-04-16 08:00:00+00:00,89,12.3,13.1,0.088,0.0,10.100000000000001
2026-04-16 09:00:00+00:00,91,12.1,12.7,0.088,0.0,10.299999999999999
2026-04-16 10:00:00+00:00,92,11.9,12.7,0.088,0.0,10.3
2026-04-16 11:00:00+00:00,93,11.2,12.4,0.088,0.0,9.799999999999999
2026-04-16 12:00:00+00:00,93,10.7,11.7,0.088,0.0,9.299999999999999
2026-04-16 13:00:00+00:00,95,10.4,11.7,0.087,0.0,9.4
2026-04-16 14:00:00+00:00,95,10.1,11.7,0.087,0.0,9.1
2026-04-16 15:00:00+00:00,94,11.6,13.7,0.087,0.0,10.4
2026-04-16 16:00:00+00:00,91,14.7,15.3,0.087,0.0,12.899999999999999
2026-04-16 17:00:00+00:00,87,16.4,17.2,0.087,0.0,13.799999999999999
2026-04-16 18:00:00+00:00,83,17.1,19.1,0.087,0.0,13.700000000000001
2026-04-16 19:00:00+00:00,80,18.2,21.5,0.087,0.0,14.2
2026-04-16 20:00:00+00:00,75,19.0,23.8,0.087,0.0,14.0
2026-04-16 21:00:00+00:00,75,19.0,25.9,0.087,0.0,14.0
2026-04-16 22:00:00+00:00,74,18.7,26.4,0.087,0.0,13.5
2026-04-16 23:00:00+00:00,70,19.1,26.2,0.087,0.0,13.100000000000001
2026-04-17 00:00:00+00:00,75,17.9,24.2,0.087,0.0,12.899999999999999
2026-04-17 01:00:00+00:00,73,17.8,22.5,0.087,0.0,12.4
2026-04-17 02:00:00+00:00,78,16.5,20.4,0.087,0.0,12.1
2026-04-17 03:00:00+00:00,80,15.4,18.1,0.086,0.0,11.4
2026-04-17 04:00:00+00:00,85,15.0,16.6,0.086,0.0,12.0
2026-04-17 05:00:00+00:00,89,14.6,15.7,0.086,0.0,12.399999999999999
2026-04-17 06:00:00+00:00,91,13.4,14.2,0.086,0.0,11.6
2026-04-17 07:00:00+00:00,93,13.0,13.9,0.085,0.0,11.6
2026-04-17 08:00:00+00:00,95,11.8,12.9,0.085,0.0,10.8
2026-04-17 09:00:00+00:00,97,11.1,12.1,0.085,0.0,10.5
2026-04-17 10:00:00+00:00,98,10.2,11.9,0.085,0.0,9.799999999999999
2026-04-17 11:00:00+00:00,98,9.9,11.7,0.085,0.0,9.5
2026-04-17 12:00:00+00:00,98,9.3,11.2,0.085,0.0,8.9
2026-04-17 13:00:00+00:00,98,9.1,11.0,0.085,0.0,8.7
2026-04-17 14:00:00+00:00,98,9.2,11.8,0.085,0.0,8.799999999999999
2026-04-17 15:00:00+00:00,96,12.1,13.3,0.085,0.0,11.299999999999999
2026-04-17 16:00:00+00:00,90,16.2,15.1,0.085,0.0,14.2
2026-04-17 17:00:00+00:00,81,17.7,16.9,0.085,0.0,13.899999999999999
2026-04-17 18:00:00+00:00,76,18.3,19.1,0.085,0.0,13.5
2026-04-17 19:00:00+00:00,76,18.8,21.5,0.085,0.0,14.0
2026-04-17 20:00:00+00:00,73,20.0,23.7,0.085,0.0,14.6
2026-04-17 21:00:00+00:00,70,20.0,26.3,0.085,0.0,14.0
2026-04-17 22:00:00+00:00,72,19.4,27.3,0.085,0.0,13.799999999999999
2026-04-17 23:00:00+00:00,69,19.5,26.3,0.085,0.0,13.3
2026-04-18 00:00:00+00:00,71,18.9,24.6,0.085,0.0,13.099999999999998
2026-04-18 01:00:00+00:00,68,18.8,22.6,0.085,0.0,12.4
2026-04-18 02:00:00+00:00,64,18.2,20.6,0.085,0.0,11.0
2026-04-18 03:00:00+00:00,66,17.0,18.4,0.085,0.0,10.2
2026-04-18 04:00:00+00:00,46,18.1,16.8,0.084,0.0,7.300000000000001
2026-04-18 05:00:00+00:00,46,16.2,14.7,0.084,0.0,5.399999999999999
2026-04-18 06:00:00+00:00,59,14.3,13.8,0.084,0.0,6.100000000000001
2026-04-18 07:00:00+00:00,63,13.0,13.0,0.083,0.0,5.6
2026-04-18 08:00:00+00:00,69,11.9,12.2,0.083,0.0,5.7
2026-04-18 09:00:00+00:00,72,11.1,11.7,0.083,0.0,5.5
2026-04-18 10:00:00+00:00,75,10.4,11.2,0.083,0.0,5.4
2026-04-18 11:00:00+00:00,77,9.7,11.1,0.083,0.0,5.1
2026-04-18 12:00:00+00:00,78,8.9,10.7,0.083,0.0,4.5
2026-04-18 13:00:00+00:00,80,8.8,10.6,0.083,0.0,4.800000000000001
2026-04-18 14:00:00+00:00,81,8.6,10.8,0.083,0.0,4.8
2026-04-18 15:00:00+00:00,80,11.3,12.5,0.082,0.0,7.300000000000001
2026-04-18 16:00:00+00:00,65,16.8,14.5,0.083,0.0,9.8
2026-04-18 17:00:00+00:00,53,19.4,17.0,0.082,0.0,9.999999999999998
2026-04-18 18:00:00+00:00,59,19.1,19.5,0.082,0.0,10.900000000000002
2026-04-18 19:00:00+00:00,58,19.8,22.2,0.082,0.0,11.4
2026-04-18 20:00:00+00:00,58,20.2,24.9,0.082,0.0,11.799999999999999
2026-04-18 21:00:00+00:00,67,20.0,27.2,0.082,0.0,13.4
2026-04-18 22:00:00+00:00,67,20.3,28.0,0.082,0.0,13.700000000000001
2026-04-18 23:00:00+00:00,68,20.0,27.1,0.082,0.0,13.6
2026-04-19 00:00:00+00:00,71,19.8,25.4,0.082,0.0,14.0
2026-04-19 01:00:00+00:00,74,18.8,23.1,0.082,0.0,13.600000000000001
2026-04-19 02:00:00+00:00,78,17.8,21.1,0.082,0.0,13.4
2026-04-19 03:00:00+00:00,81,16.8,19.5,0.082,0.0,13.0
2026-04-19 04:00:00+00:00,84,15.7,17.6,0.082,0.0,12.5
2026-04-19 05:00:00+00:00,89,14.0,15.2,0.082,0.0,11.8
2026-04-19 06:00:00+00:00,88,13.2,14.4,0.082,0.0,10.799999999999999
2026-04-19 07:00:00+00:00,87,12.8,14.2,0.081,0.0,10.200000000000001
2026-04-19 08:00:00+00:00,84,12.8,14.4,0.081,0.0,9.600000000000001
2026-04-19 09:00:00+00:00,83,12.9,13.6,0.081,0.0,9.5
2026-04-19 10:00:00+00:00,87,13.4,14.1,0.081,0.0,10.8
2026-04-19 11:00:00+00:00,91,12.8,13.7,0.081,0.0,11.0
2026-04-19 12:00:00+00:00,92,12.0,12.7,0.081,0.0,10.4
2026-04-19 13:00:00+00:00,92,10.7,11.8,0.081,0.0,9.1
2026-04-19 14:00:00+00:00,93,10.1,12.0,0.08,0.0,8.7
2026-04-19 15:00:00+00:00,91,12.6,14.4,0.08,0.0,10.799999999999999
2026-04-19 16:00:00+00:00,89,15.6,15.9,0.08,0.0,13.399999999999999
2026-04-19 17:00:00+00:00,85,17.1,17.6,0.081,0.0,14.100000000000001
2026-04-19 18:00:00+00:00,78,18.2,20.0,0.081,0.0,13.799999999999999
2026-04-19 19:00:00+00:00,76,18.7,22.4,0.081,0.0,13.899999999999999
2026-04-19 20:00:00+00:00,74,19.2,24.5,0.08,0.0,14.0
2026-04-19 21:00:00+00:00,67,20.1,27.1,0.08,0.0,13.500000000000002
2026-04-19 22:00:00+00:00,67,19.6,27.9,0.08,0.0,13.000000000000002
2026-04-19 23:00:00+00:00,68,19.7,27.2,0.08,0.0,13.299999999999999
2026-04-20 00:00:00+00:00,71,18.5,25.2,0.08,0.0,12.7
2026-04-20 01:00:00+00:00,72,17.8,23.0,0.08,0.0,12.200000000000001
2026-04-20 02:00:00+00:00,76,16.6,20.8,0.08,0.0,11.8
2026-04-20 03:00:00+00:00,79,15.5,19.1,0.08,0.0,11.3
2026-04-20 04:00:00+00:00,82,15.1,18.2,0.08,0.0,11.5
2026-04-20 05:00:00+00:00,87,14.4,16.8,0.08,0.0,11.8
2026-04-20 06:00:00+00:00,90,13.1,15.2,0.079,0.0,11.1
2026-04-20 07:00:00+00:00,92,11.3,13.7,0.079,0.0,9.700000000000001
2026-04-20 08:00:00+00:00,93,10.6,12.9,0.079,0.0,9.2
2026-04-20 09:00:00+00:00,93,10.6,12.5,0.079,0.0,9.2
2026-04-20 10:00:00+00:00,94,10.2,12.4,0.079,0.0,9.0
2026-04-20 11:00:00+00:00,94,9.6,11.8,0.079,0.0,8.4
2026-04-20 12:00:00+00:00,94,9.7,11.7,0.079,0.0,8.5
2026-04-20 13:00:00+00:00,95,9.4,11.0,0.079,0.0,8.4
2026-04-20 14:00:00+00:00,96,9.5,11.2,0.079,0.0,8.7
2026-04-20 15:00:00+00:00,94,12.4,13.4,0.078,0.0,11.200000000000001
2026-04-20 16:00:00+00:00,91,15.1,15.3,0.078,0.0,13.299999999999999
2026-04-20 17:00:00+00:00,83,16.5,17.2,0.079,0.0,13.1
2026-04-20 18:00:00+00:00,77,17.2,19.4,0.079,0.0,12.6
2026-04-20 19:00:00+00:00,74,18.2,21.9,0.079,0.0,13.0
2026-04-20 20:00:00+00:00,70,18.7,24.2,0.079,0.0,12.7
2026-04-20 21:00:00+00:00,64,19.2,26.7,0.079,0.0,12.0
2026-04-20 22:00:00+00:00,61,19.5,27.6,0.078,0.0,11.7
2026-04-20 23:00:00+00:00,66,19.3,26.9,0.078,0.0,12.5
2026-04-21 00:00:00+00:00,66,19.1,25.2,0.078,0.0,12.3
2026-04-21 01:00:00+00:00,72,18.0,23.0,0.078,0.0,12.4
2026-04-21 02:00:00+00:00,74,16.9,20.9,0.078,0.0,11.7
2026-04-21 03:00:00+00:00,77,15.6,19.1,0.078,0.0,11.0
2026-04-21 04:00:00+00:00,80,14.4,16.7,0.078,0.0,10.4
2026-04-21 05:00:00+00:00,84,13.2,15.4,0.078,0.0,10.0
2026-04-21 06:00:00+00:00,87,12.4,14.0,0.078,0.0,9.8
2026-04-21 07:00:00+00:00,88,11.2,13.3,0.077,0.0,8.799999999999999
2026-04-21 08:00:00+00:00,89,10.7,13.1,0.077,0.0,8.5
2026-04-21 09:00:00+00:00,89,10.8,13.1,0.077,0.0,8.600000000000001
2026-04-21 10:00:00+00:00,89,10.8,13.0,0.077,0.0,8.600000000000001
2026-04-21 11:00:00+00:00,88,12.2,14.2,0.077,0.0,9.799999999999999
2026-04-21 12:00:00+00:00,85,13.9,15.1,0.077,0.0,10.9
2026-04-21 13:00:00+00:00,84,14.8,15.4,0.077,0.0,11.600000000000001
2026-04-21 14:00:00+00:00,83,14.6,15.6,0.077,0.3,11.2
2026-04-21 15:00:00+00:00,88,14.2,15.7,0.077,2.1,11.799999999999999
2026-04-21 16:00:00+00:00,92,13.5,15.7,0.077,3.8,11.9
2026-04-21 17:00:00+00:00,95,12.6,15.7,0.083,2.0,11.6
2026-04-21 18:00:00+00:00,95,13.5,16.7,0.086,0.7,12.5
2026-04-21 19:00:00+00:00,94,14.8,18.4,0.09,0.0,13.600000000000001
2026-04-21 20:00:00+00:00,90,16.4,21.6,0.092,0.0,14.399999999999999
2026-04-21 21:00:00+00:00,85,17.2,23.0,0.094,0.0,14.2
2026-04-21 22:00:00+00:00,82,17.5,23.4,0.095,0.0,13.9
2026-04-21 23:00:00+00:00,78,17.9,23.0,0.097,0.0,13.499999999999998
2026-04-22 00:00:00+00:00,76,17.8,21.9,0.097,0.0,13.0
2026-04-22 01:00:00+00:00,76,17.4,20.6,0.098,0.0,12.599999999999998
2026-04-22 02:00:00+00:00,78,16.6,19.1,0.098,0.0,12.200000000000001
2026-04-22 03:00:00+00:00,83,14.7,16.7,0.098,0.0,11.299999999999999
2026-04-22 04:00:00+00:00,88,13.8,15.5,0.099,0.0,11.4
2026-04-22 05:00:00+00:00,90,13.4,14.7,0.099,0.0,11.4
2026-04-22 06:00:00+00:00,91,12.4,13.5,0.099,0.0,10.6
2026-04-22 07:00:00+00:00,94,11.2,12.6,0.099,0.0,10.0
2026-04-22 08:00:00+00:00,96,10.4,12.3,0.099,0.0,9.6
2026-04-22 09:00:00+00:00,96,9.8,11.8,0.099,0.0,9.0
2026-04-22 10:00:00+00:00,97,9.5,11.3,0.099,0.0,8.9
2026-04-22 11:00:00+00:00,96,10.6,11.3,0.099,0.0,9.799999999999999
2026-04-22 12:00:00+00:00,92,10.4,10.8,0.099,0.0,8.8
2026-04-22 13:00:00+00:00,92,9.2,10.4,0.099,0.0,7.6
2026-04-22 14:00:00+00:00,94,9.2,10.6,0.099,0.0,7.999999999999999
2026-04-22 15:00:00+00:00,92,11.9,12.2,0.099,0.0,10.3
2026-04-22 16:00:00+00:00,81,14.6,14.0,0.099,0.0,10.8
2026-04-22 17:00:00+00:00,72,16.2,15.4,0.099,0.0,10.6
2026-04-22 18:00:00+00:00,60,17.9,17.8,0.099,0.0,9.899999999999999
2026-04-22 19:00:00+00:00,57,18.8,19.9,0.099,0.0,10.200000000000001
2026-04-22 20:00:00+00:00,53,19.6,22.1,0.099,0.0,10.200000000000001
2026-04-22 21:00:00+00:00,53,20.2,23.9,0.099,0.0,10.799999999999999
2026-04-22 22:00:00+00:00,61,19.6,24.2,0.098,0.0,11.8
2026-04-22 23:00:00+00:00,64,18.8,23.1,0.098,0.0,11.600000000000001
2026-04-23 00:00:00+00:00,62,18.9,21.9,0.098,0.0,11.299999999999999
2026-04-23 01:00:00+00:00,58,19.3,20.5,0.097,0.0,10.9
2026-04-23 02:00:00+00:00,63,18.2,19.1,0.097,0.0,10.799999999999999
2026-04-23 03:00:00+00:00,70,16.4,17.2,0.097,0.0,10.399999999999999
2026-04-23 04:00:00+00:00,71,15.2,15.4,0.097,0.0,9.399999999999999
2026-04-23 05:00:00+00:00,67,14.6,14.6,0.096,0.0,8.0
2026-04-23 06:00:00+00:00,62,14.9,13.7,0.096,0.0,7.300000000000001
2026-04-23 07:00:00+00:00,65,13.9,13.0,0.096,0.0,6.9
2026-04-23 08:00:00+00:00,74,11.4,11.8,0.096,0.0,6.2
2026-04-23 09:00:00+00:00,75,11.9,11.6,0.096,0.0,6.9
2026-04-23 10:00:00+00:00,76,10.7,10.9,0.096,0.0,5.8999999999999995
2026-04-23 11:00:00+00:00,76,10.9,10.9,0.096,0.0,6.1000000000000005
2026-04-23 12:00:00+00:00,70,12.2,10.6,0.095,0.0,6.199999999999999
2026-04-23 13:00:00+00:00,72,10.6,10.0,0.095,0.0,5.0
2026-04-23 14:00:00+00:00,80,9.6,10.0,0.095,0.0,5.6
2026-04-23 15:00:00+00:00,84,12.7,12.2,0.095,0.0,9.5
2026-04-23 16:00:00+00:00,77,16.3,14.4,0.095,0.0,11.700000000000001
2026-04-23 17:00:00+00:00,77,17.4,16.5,0.095,0.0,12.799999999999999
2026-04-23 18:00:00+00:00,61,19.1,18.9,0.095,0.0,11.3
2026-04-23 19:00:00+00:00,44,19.7,21.2,0.095,0.0,8.5
2026-04-23 20:00:00+00:00,58,19.5,23.7,0.094,0.0,11.1
2026-04-23 21:00:00+00:00,65,19.7,26.1,0.094,0.0,12.7
2026-04-23 22:00:00+00:00,66,19.4,26.5,0.094,0.0,12.599999999999998
2026-04-23 23:00:00+00:00,59,19.5,25.2,0.093,0.0,11.3
2026-04-24 00:00:00+00:00,69,18.3,23.2,0.093,0.0,12.100000000000001
2026-04-24 01:00:00+00:00,72,17.8,21.4,0.093,0.0,12.200000000000001
2026-04-24 02:00:00+00:00,75,17.2,19.6,0.092,0.0,12.2
2026-04-24 03:00:00+00:00,78,15.7,17.4,0.092,0.0,11.299999999999999
2026-04-24 04:00:00+00:00,71,16.8,15.9,0.092,0.0,11.0
2026-04-24 05:00:00+00:00,76,14.9,14.4,0.091,0.0,10.100000000000001
2026-04-24 06:00:00+00:00,80,13.3,13.2,0.091,0.0,9.3
2026-04-24 07:00:00+00:00,82,12.5,12.7,0.091,0.0,8.9
2026-04-24 08:00:00+00:00,85,13.6,13.3,0.091,0.0,10.6
2026-04-24 09:00:00+00:00,88,12.4,13.0,0.091,0.0,10.0
2026-04-24 10:00:00+00:00,86,11.5,12.2,0.091,0.0,8.7
2026-04-24 11:00:00+00:00,83,11.3,12.0,0.091,0.0,7.9
2026-04-24 12:00:00+00:00,82,11.0,12.1,0.091,0.0,7.4
2026-04-24 13:00:00+00:00,83,11.3,11.8,0.091,0.0,7.9
2026-04-24 14:00:00+00:00,82,11.3,11.9,0.091,0.0,7.700000000000001
2026-04-24 15:00:00+00:00,78,14.6,14.0,0.091,0.0,10.2
2026-04-24 16:00:00+00:00,77,16.9,15.8,0.09,0.0,12.299999999999999
2026-04-24 17:00:00+00:00,75,17.8,17.3,0.09,0.0,12.8
2026-04-24 18:00:00+00:00,74,18.6,19.6,0.09,0.0,13.400000000000002
2026-04-24 19:00:00+00:00,73,18.8,21.9,0.09,0.0,13.4
2026-04-24 20:00:00+00:00,73,19.0,24.5,0.09,0.0,13.6
2026-04-24 21:00:00+00:00,70,19.0,26.6,0.089,0.0,13.0
2026-04-24 22:00:00+00:00,70,19.0,27.1,0.089,0.0,13.0
2026-04-24 23:00:00+00:00,71,18.6,26.1,0.089,0.0,12.8
2026-04-25 00:00:00+00:00,69,18.6,24.6,0.089,0.0,12.400000000000002
2026-04-25 01:00:00+00:00,72,17.7,22.0,0.088,0.0,12.1
2026-04-25 02:00:00+00:00,73,17.2,20.1,0.088,0.0,11.799999999999999
2026-04-25 03:00:00+00:00,74,16.0,17.9,0.088,0.0,10.8
2026-04-25 04:00:00+00:00,75,15.0,15.3,0.088,0.0,10.0
2026-04-25 05:00:00+00:00,75,14.8,15.7,0.088,0.0,9.8
2026-04-25 06:00:00+00:00,77,13.9,15.5,0.087,0.0,9.3
2026-04-25 07:00:00+00:00,79,11.9,13.6,0.087,0.0,7.7
2026-04-25 08:00:00+00:00,82,10.9,12.3,0.087,0.0,7.300000000000001
2026-04-25 09:00:00+00:00,84,10.1,11.9,0.086,0.0,6.8999999999999995
2026-04-25 10:00:00+00:00,86,10.1,11.3,0.086,0.0,7.3
2026-04-25 11:00:00+00:00,88,9.5,11.4,0.086,0.0,7.1
2026-04-25 12:00:00+00:00,89,10.6,13.1,0.086,0.0,8.399999999999999
2026-04-25 13:00:00+00:00,88,12.0,13.8,0.086,0.0,9.6
2026-04-25 14:00:00+00:00,86,12.7,14.2,0.086,0.0,9.899999999999999
2026-04-25 15:00:00+00:00,85,13.9,15.1,0.086,0.0,10.9
2026-04-25 16:00:00+00:00,83,14.4,15.5,0.086,0.0,11.0
2026-04-25 17:00:00+00:00,80,14.9,16.5,0.086,0.0,10.9
2026-04-25 18:00:00+00:00,76,16.1,17.7,0.086,0.0,11.3
2026-04-25 19:00:00+00:00,76,16.5,18.7,0.086,0.0,11.7
2026-04-25 20:00:00+00:00,73,16.7,18.9,0.086,0.0,11.299999999999999
2026-04-25 21:00:00+00:00,75,15.4,18.5,0.085,0.0,10.4
2026-04-25 22:00:00+00:00,77,15.7,18.8,0.085,0.0,11.1
2026-04-25 23:00:00+00:00,76,15.2,18.1,0.085,0.0,10.399999999999999
2026-04-26 00:00:00+00:00,79,14.0,16.8,0.085,0.3,9.8
2026-04-26 01:00:00+00:00,83,13.7,16.4,0.085,0.0,10.299999999999999
2026-04-26 02:00:00+00:00,85,13.7,15.9,0.085,0.0,10.7
2026-04-26 03:00:00+00:00,83,13.6,15.3,0.085,0.0,10.2
2026-04-26 04:00:00+00:00,82,13.6,15.2,0.085,0.0,10.0
2026-04-26 05:00:00+00:00,83,13.4,15.1,0.085,0.0,10.0
2026-04-26 06:00:00+00:00,84,13.3,15.0,0.085,0.0,10.100000000000001
2026-04-26 07:00:00+00:00,84,13.1,14.9,0.085,0.0,9.899999999999999
2026-04-26 08:00:00+00:00,83,13.2,14.7,0.085,0.0,9.799999999999999
2026-04-26 09:00:00+00:00,81,12.6,14.4,0.085,0.0,8.8
2026-04-26 10:00:00+00:00,80,11.5,13.0,0.085,0.0,7.5
2026-04-26 11:00:00+00:00,82,10.4,11.6,0.085,0.0,6.800000000000001
2026-04-26 12:00:00+00:00,83,10.5,11.4,0.085,0.0,7.1
2026-04-26 13:00:00+00:00,84,10.7,12.2,0.085,0.0,7.499999999999999
2026-04-26 14:00:00+00:00,83,12.2,12.6,0.085,0.0,8.799999999999999
2026-04-26 15:00:00+00:00,79,13.7,14.0,0.085,0.0,9.5
2026-04-26 16:00:00+00:00,75,15.0,15.4,0.084,0.0,10.0
2026-04-26 17:00:00+00:00,74,15.8,16.5,0.085,0.0,10.600000000000001
2026-04-26 18:00:00+00:00,70,16.3,17.9,0.085,0.0,10.3
2026-04-26 19:00:00+00:00,65,17.7,21.0,0.084,0.0,10.7
2026-04-26 20:00:00+00:00,62,17.7,21.2,0.084,0.0,10.1
2026-04-26 21:00:00+00:00,62,17.6,22.8,0.084,0.0,10.000000000000002
2026-04-26 22:00:00+00:00,61,17.7,23.6,0.084,0.0,9.899999999999999
2026-04-26 23:00:00+00:00,64,17.3,23.6,0.084,0.0,10.100000000000001
2026-04-27 00:00:00+00:00,67,16.8,22.3,0.084,0.0,10.200000000000001
2026-04-27 01:00:00+00:00,71,16.0,20.3,0.084,0.0,10.2
2026-04-27 02:00:00+00:00,74,15.2,18.3,0.084,0.0,10.0
2026-04-27 03:00:00+00:00,75,14.7,17.1,0.083,0.0,9.7
2026-04-27 04:00:00+00:00,73,14.5,16.6,0.083,0.0,9.1
2026-04-27 05:00:00+00:00,71,14.2,16.2,0.083,0.0,8.399999999999999
2026-04-27 06:00:00+00:00,71,14.1,15.9,0.083,0.0,8.3
2026-04-27 07:00:00+00:00,68,13.9,15.5,0.083,0.0,7.5
2026-04-27 08:00:00+00:00,68,13.4,15.0,0.083,0.0,7.0
2026-04-27 09:00:00+00:00,70,12.3,13.7,0.083,0.0,6.300000000000001
2026-04-27 10:00:00+00:00,75,10.5,12.2,0.083,0.0,5.5
2026-04-27 11:00:00+00:00,76,10.1,11.3,0.082,0.0,5.3
2026-04-27 12:00:00+00:00,78,9.0,10.2,0.082,0.0,4.6
2026-04-27 13:00:00+00:00,78,10.4,12.1,0.082,0.0,6.0
2026-04-27 14:00:00+00:00,79,11.4,13.1,0.082,0.0,7.2
2026-04-27 15:00:00+00:00,75,14.1,14.7,0.082,0.0,9.1
2026-04-27 16:00:00+00:00,64,15.6,15.8,0.082,0.0,8.399999999999999
2026-04-27 17:00:00+00:00,55,17.0,17.4,0.082,0.0,8.0
2026-04-27 18:00:00+00:00,53,18.2,19.9,0.082,0.0,8.799999999999999
2026-04-27 19:00:00+00:00,60,17.9,22.4,0.082,0.0,9.899999999999999
2026-04-27 20:00:00+00:00,61,17.6,24.5,0.082,0.0,9.8
2026-04-27 21:00:00+00:00,61,17.8,26.4,0.082,0.0,10.0
2026-04-27 22:00:00+00:00,61,18.2,26.8,0.081,0.0,10.399999999999999
2026-04-27 23:00:00+00:00,62,18.0,25.7,0.081,0.0,10.4
2026-04-28 00:00:00+00:00,64,17.1,23.3,0.081,0.0,9.900000000000002
2026-04-28 01:00:00+00:00,65,16.4,21.0,0.081,0.0,9.399999999999999
2026-04-28 02:00:00+00:00,67,15.7,19.1,0.081,0.0,9.1
2026-04-28 03:00:00+00:00,71,14.8,17.9,0.081,0.0,9.0
2026-04-28 04:00:00+00:00,74,14.0,15.8,0.08,0.0,8.8
2026-04-28 05:00:00+00:00,64,14.3,15.4,0.08,0.0,7.1000000000000005
2026-04-28 06:00:00+00:00,64,13.6,14.1,0.08,0.0,6.3999999999999995
2026-04-28 07:00:00+00:00,70,12.3,13.0,0.08,0.0,6.300000000000001
2026-04-28 08:00:00+00:00,73,10.8,11.9,0.08,0.0,5.4
2026-04-28 09:00:00+00:00,78,9.6,11.0,0.08,0.0,5.199999999999999
2026-04-28 10:00:00+00:00,80,9.5,10.9,0.079,0.0,5.5
2026-04-28 11:00:00+00:00,81,9.0,10.4,0.079,0.0,5.2
2026-04-28 12:00:00+00:00,83,8.3,10.2,0.079,0.0,4.9
2026-04-28 13:00:00+00:00,86,7.9,9.7,0.079,0.0,5.1000000000000005
2026-04-28 14:00:00+00:00,89,7.6,10.1,0.079,0.0,5.3999999999999995
2026-04-28 15:00:00+00:00,87,11.3,12.3,0.079,0.0,8.700000000000001
2026-04-28 16:00:00+00:00,78,15.5,14.6,0.079,0.0,11.1
2026-04-28 17:00:00+00:00,73,15.7,16.8,0.079,0.0,10.299999999999999
2026-04-28 18:00:00+00:00,71,16.3,19.5,0.079,0.0,10.5
2026-04-28 19:00:00+00:00,70,17.5,22.5,0.079,0.0,11.5
2026-04-28 20:00:00+00:00,68,17.8,25.2,0.079,0.0,11.4
2026-04-28 21:00:00+00:00,67,17.6,27.2,0.079,0.0,11.000000000000002
2026-04-28 22:00:00+00:00,64,18.0,27.9,0.079,0.0,10.8
2026-04-28 23:00:00+00:00,64,18.4,27.0,0.079,0.0,11.2
2026-04-29 00:00:00+00:00,69,17.9,25.3,0.079,0.0,11.7
2026-04-29 01:00:00+00:00,72,17.3,22.9,0.079,0.0,11.700000000000001
2026-04-29 02:00:00+00:00,74,16.7,20.6,0.079,0.0,11.5
2026-04-29 03:00:00+00:00,79,14.9,17.6,0.079,0.0,10.7
2026-04-29 04:00:00+00:00,84,13.7,15.4,0.079,0.0,10.5
2026-04-29 05:00:00+00:00,90,13.1,14.8,0.078,0.0,11.1
2026-04-29 06:00:00+00:00,92,13.3,14.0,0.078,0.0,11.700000000000001
2026-04-29 07:00:00+00:00,93,12.2,13.4,0.078,0.0,10.799999999999999
2026-04-29 08:00:00+00:00,92,12.2,13.3,0.078,0.0,10.6
2026-04-29 09:00:00+00:00,91,12.0,13.2,0.078,0.0,10.2
2026-04-29 10:00:00+00:00,88,11.5,12.4,0.078,0.0,9.1
2026-04-29 11:00:00+00:00,86,10.6,12.0,0.078,0.0,7.8
2026-04-29 12:00:00+00:00,86,10.5,11.1,0.077,0.0,7.7
2026-04-29 13:00:00+00:00,87,9.4,10.4,0.077,0.0,6.800000000000001
2026-04-29 14:00:00+00:00,89,9.1,10.8,0.077,0.0,6.8999999999999995
2026-04-29 15:00:00+00:00,87,12.6,13.1,0.077,0.0,10.0
2026-04-29 16:00:00+00:00,77,15.9,15.2,0.077,0.0,11.3
2026-04-29 17:00:00+00:00,73,17.9,17.9,0.077,0.0,12.499999999999998
2026-04-29 18:00:00+00:00,69,18.0,20.7,0.077,0.0,11.8
2026-04-29 19:00:00+00:00,68,18.7,23.4,0.077,0.0,12.299999999999999
2026-04-29 20:00:00+00:00,72,18.6,26.1,0.077,0.0,13.000000000000002
2026-04-29 21:00:00+00:00,70,18.7,28.4,0.077,0.0,12.7
2026-04-29 22:00:00+00:00,67,18.6,28.8,0.077,0.0,12.000000000000002
2026-04-29 23:00:00+00:00,65,18.8,28.2,0.077,0.0,11.8
2026-04-30 00:00:00+00:00,68,18.8,26.3,0.077,0.0,12.4
2026-04-30 01:00:00+00:00,76,17.6,23.8,0.077,0.0,12.8
2026-04-30 02:00:00+00:00,76,17.7,21.6,0.077,0.0,12.899999999999999
2026-04-30 03:00:00+00:00,77,16.5,19.3,0.077,0.0,11.9
2026-04-30 04:00:00+00:00,74,16.8,18.0,0.077,0.0,11.600000000000001
2026-04-30 05:00:00+00:00,78,15.4,17.4,0.076,0.0,11.0
2026-04-30 06:00:00+00:00,83,15.1,17.4,0.076,0.0,11.7
2026-04-30 07:00:00+00:00,85,15.2,16.9,0.076,0.0,12.2
2026-04-30 08:00:00+00:00,85,14.6,16.1,0.076,0.0,11.6
2026-04-30 09:00:00+00:00,89,13.1,14.7,0.076,0.0,10.899999999999999
2026-04-30 10:00:00+00:00,91,12.1,13.7,0.076,0.0,10.299999999999999
2026-04-30 11:00:00+00:00,93,11.7,13.0,0.076,0.0,10.299999999999999
2026-04-30 12:00:00+00:00,94,11.2,12.3,0.076,0.0,10.0
2026-04-30 13:00:00+00:00,96,10.6,11.8,0.075,0.0,9.799999999999999
2026-04-30 14:00:00+00:00,96,10.2,12.0,0.075,0.0,9.399999999999999
2026-04-30 15:00:00+00:00,94,13.0,14.2,0.075,0.0,11.8
2026-04-30 16:00:00+00:00,89,15.8,16.3,0.075,0.0,13.600000000000001
2026-04-30 17:00:00+00:00,85,16.4,18.5,0.075,0.0,13.399999999999999
2026-04-30 18:00:00+00:00,82,16.9,21.1,0.075,0.0,13.299999999999999
2026-04-30 19:00:00+00:00,81,17.1,23.4,0.075,0.0,13.3
2026-04-30 20:00:00+00:00,78,17.7,26.0,0.075,0.0,13.299999999999999
2026-04-30 21:00:00+00:00,73,18.6,28.3,0.075,0.0,13.200000000000001
2026-04-30 22:00:00+00:00,72,18.6,28.7,0.075,0.0,13.000000000000002
2026-04-30 23:00:00+00:00,71,18.7,27.8,0.075,0.0,12.899999999999999
2026-05-01 00:00:00+00:00,72,18.8,26.3,0.075,0.0,13.200000000000001
2026-05-01 01:00:00+00:00,70,19.2,24.5,0.075,0.0,13.2
2026-05-01 02:00:00+00:00,74,17.9,22.2,0.075,0.0,12.7
2026-05-01 03:00:00+00:00,79,16.2,20.0,0.075,0.0,12.0
2026-05-01 04:00:00+00:00,82,15.4,18.9,0.075,0.0,11.8
2026-05-01 05:00:00+00:00,87,15.2,18.4,0.074,0.0,12.6
2026-05-01 06:00:00+00:00,89,15.3,17.5,0.074,0.0,13.100000000000001
2026-05-01 07:00:00+00:00,87,15.3,17.3,0.074,0.0,12.700000000000001
2026-05-01 08:00:00+00:00,86,15.0,16.9,0.074,0.0,12.2
2026-05-01 09:00:00+00:00,87,14.5,16.7,0.074,0.0,11.9
2026-05-01 10:00:00+00:00,89,14.0,16.3,0.074,0.0,11.8
2026-05-01 11:00:00+00:00,92,13.1,14.9,0.074,0.0,11.5
2026-05-01 12:00:00+00:00,95,12.1,13.3,0.074,0.0,11.1
2026-05-01 13:00:00+00:00,98,11.7,13.2,0.073,0.0,11.299999999999999
2026-05-01 14:00:00+00:00,98,11.6,13.5,0.073,0.0,11.2
2026-05-01 15:00:00+00:00,97,13.8,15.7,0.073,0.0,13.200000000000001
2026-05-01 16:00:00+00:00,95,14.6,16.5,0.073,0.0,13.6
2026-05-01 17:00:00+00:00,93,15.1,17.8,0.073,0.0,13.7
2026-05-01 18:00:00+00:00,88,15.8,19.4,0.074,0.0,13.4
2026-05-01 19:00:00+00:00,83,16.3,20.9,0.074,0.0,12.9
2026-05-01 20:00:00+00:00,80,17.2,23.7,0.073,0.0,13.2
2026-05-01 21:00:00+00:00,77,17.9,27.4,0.073,0.0,13.299999999999999
2026-05-01 22:00:00+00:00,76,18.0,28.4,0.073,0.0,13.2
2026-05-01 23:00:00+00:00,77,17.9,27.8,0.073,0.0,13.299999999999999
2026-05-02 00:00:00+00:00,78,17.2,25.9,0.074,0.0,12.799999999999999
2026-05-02 01:00:00+00:00,80,16.1,23.4,0.074,0.0,12.100000000000001
2026-05-02 02:00:00+00:00,83,15.4,21.1,0.074,0.0,12.0
2026-05-02 03:00:00+00:00,87,14.3,18.9,0.073,0.0,11.700000000000001
2026-05-02 04:00:00+00:00,91,13.1,16.0,0.073,0.0,11.299999999999999
2026-05-02 05:00:00+00:00,93,13.4,15.7,0.073,0.0,12.0
2026-05-02 06:00:00+00:00,93,13.5,15.7,0.073,0.0,12.1
2026-05-02 07:00:00+00:00,94,13.9,16.4,0.073,0.0,12.700000000000001
2026-05-02 08:00:00+00:00,95,13.9,16.7,0.073,0.0,12.9
2026-05-02 09:00:00+00:00,96,13.9,16.7,0.073,0.0,13.1
2026-05-02 10:00:00+00:00,95,13.7,16.6,0.072,0.0,12.7
2026-05-02 11:00:00+00:00,95,13.2,15.7,0.072,0.0,12.2
2026-05-02 12:00:00+00:00,96,12.9,15.4,0.072,0.0,12.1
2026-05-02 13:00:00+00:00,96,13.5,16.1,0.072,0.0,12.7
2026-05-02 14:00:00+00:00,95,13.7,16.3,0.072,0.0,12.7
2026-05-02 15:00:00+00:00,94,14.0,16.6,0.072,0.0,12.8
2026-05-02 16:00:00+00:00,95,14.1,16.9,0.072,0.0,13.1
2026-05-02 17:00:00+00:00,96,14.1,17.2,0.072,0.0,13.299999999999999
2026-05-02 18:00:00+00:00,97,14.6,18.1,0.072,0.0,14.0
2026-05-02 19:00:00+00:00,95,15.3,19.2,0.072,0.0,14.3
2026-05-02 20:00:00+00:00,91,15.6,19.9,0.072,0.0,13.799999999999999
2026-05-02 21:00:00+00:00,88,15.9,21.0,0.072,0.0,13.5
2026-05-02 22:00:00+00:00,85,16.2,22.2,0.073,0.0,13.2
2026-05-02 23:00:00+00:00,83,16.3,22.2,0.073,0.0,12.9
2026-05-03 00:00:00+00:00,82,16.7,23.0,0.073,0.0,13.1
2026-05-03 01:00:00+00:00,82,16.4,21.8,0.073,0.0,12.799999999999999
2026-05-03 02:00:00+00:00,84,15.5,19.8,0.073,0.0,12.3
2026-05-03 03:00:00+00:00,87,14.4,18.0,0.073,0.0,11.8
2026-05-03 04:00:00+00:00,90,13.5,16.4,0.072,0.0,11.5
2026-05-03 05:00:00+00:00,92,12.6,14.1,0.072,0.0,11.0
2026-05-03 06:00:00+00:00,93,12.5,13.5,0.072,0.0,11.1
2026-05-03 07:00:00+00:00,93,13.3,14.9,0.072,0.0,11.9
2026-05-03 08:00:00+00:00,91,13.5,14.9,0.072,0.0,11.7
2026-05-03 09:00:00+00:00,90,13.0,14.1,0.072,0.0,11.0
2026-05-03 10:00:00+00:00,90,13.3,14.9,0.072,0.0,11.3
2026-05-03 11:00:00+00:00,90,13.8,15.4,0.071,0.0,11.8
2026-05-03 12:00:00+00:00,89,13.8,15.7,0.072,0.0,11.600000000000001
2026-05-03 13:00:00+00:00,90,13.6,15.6,0.072,0.0,11.6
2026-05-03 14:00:00+00:00,89,13.6,15.6,0.072,0.0,11.399999999999999
2026-05-03 15:00:00+00:00,89,13.7,16.1,0.071,0.0,11.5
2026-05-03 16:00:00+00:00,88,13.9,16.3,0.071,0.0,11.5
2026-05-03 17:00:00+00:00,85,14.9,17.6,0.071,0.0,11.9
2026-05-03 18:00:00+00:00,77,16.4,20.1,0.072,0.0,11.799999999999999
2026-05-03 19:00:00+00:00,75,16.9,21.6,0.072,0.0,11.899999999999999
2026-05-03 20:00:00+00:00,75,17.0,23.3,0.072,0.0,12.0
2026-05-03 21:00:00+00:00,70,17.7,25.0,0.072,0.0,11.7
2026-05-03 22:00:00+00:00,65,18.3,27.4,0.072,0.0,11.3
2026-05-03 23:00:00+00:00,65,18.5,27.4,0.071,0.0,11.5
2026-05-04 00:00:00+00:00,71,16.6,23.6,0.072,0.0,10.8
2026-05-04 01:00:00+00:00,72,15.9,21.5,0.072,0.0,10.3
2026-05-04 02:00:00+00:00,74,15.6,20.3,0.072,0.0,10.399999999999999
2026-05-04 03:00:00+00:00,76,15.4,19.2,0.072,0.0,10.600000000000001
2026-05-04 04:00:00+00:00,75,15.4,18.1,0.071,0.0,10.4
2026-05-04 05:00:00+00:00,67,15.5,17.4,0.071,0.0,8.9
2026-05-04 06:00:00+00:00,68,15.2,17.4,0.071,0.0,8.799999999999999
2026-05-04 07:00:00+00:00,74,13.9,15.9,0.071,0.0,8.7
2026-05-04 08:00:00+00:00,76,12.9,14.3,0.071,0.0,8.100000000000001
2026-05-04 09:00:00+00:00,75,13.0,14.3,0.07,0.0,8.0
2026-05-04 10:00:00+00:00,76,12.2,13.9,0.07,0.0,7.3999999999999995
2026-05-04 11:00:00+00:00,78,10.3,12.0,0.071,0.0,5.9
2026-05-04 12:00:00+00:00,81,9.4,11.1,0.07,0.0,5.6000000000000005
2026-05-04 13:00:00+00:00,85,8.9,10.8,0.07,0.0,5.9
2026-05-04 14:00:00+00:00,86,8.8,11.1,0.07,0.0,6.000000000000001
2026-05-04 15:00:00+00:00,82,13.0,13.4,0.07,0.0,9.4
2026-05-04 16:00:00+00:00,75,15.1,15.5,0.07,0.0,10.1
2026-05-04 17:00:00+00:00,71,17.1,18.0,0.07,0.0,11.3
2026-05-04 18:00:00+00:00,66,17.7,20.9,0.07,0.0,10.899999999999999
2026-05-04 19:00:00+00:00,62,19.1,23.8,0.07,0.0,11.500000000000002
2026-05-04 20:00:00+00:00,66,18.1,25.9,0.07,0.0,11.3
2026-05-04 21:00:00+00:00,68,17.8,26.2,0.07,0.0,11.4
2026-05-04 22:00:00+00:00,70,17.9,26.9,0.07,0.0,11.899999999999999
2026-05-04 23:00:00+00:00,70,17.5,25.8,0.07,0.0,11.5
2026-05-05 00:00:00+00:00,69,16.9,24.1,0.07,0.0,10.7
2026-05-05 01:00:00+00:00,71,16.8,23.0,0.07,0.0,11.0
2026-05-05 02:00:00+00:00,74,15.7,21.1,0.07,0.0,10.5
2026-05-05 03:00:00+00:00,77,14.7,19.3,0.07,0.0,10.1
2026-05-05 04:00:00+00:00,79,14.5,18.2,0.07,0.0,10.3
2026-05-05 05:00:00+00:00,80,14.3,17.2,0.07,0.0,10.3
2026-05-05 06:00:00+00:00,76,14.1,16.1,0.07,0.0,9.3
2026-05-05 07:00:00+00:00,72,13.6,15.5,0.07,0.0,8.0
2026-05-05 08:00:00+00:00,74,13.2,15.3,0.069,0.0,7.999999999999999
2026-05-05 09:00:00+00:00,77,12.7,14.0,0.069,0.0,8.1
2026-05-05 10:00:00+00:00,75,11.8,12.5,0.069,0.0,6.800000000000001
2026-05-05 11:00:00+00:00,78,10.9,11.7,0.069,0.0,6.5
2026-05-05 12:00:00+00:00,78,10.8,11.7,0.069,0.0,6.4
2026-05-05 13:00:00+00:00,79,10.2,11.8,0.069,0.0,5.999999999999999
2026-05-05 14:00:00+00:00,79,11.7,13.5,0.069,0.0,7.499999999999999
2026-05-05 15:00:00+00:00,73,14.2,14.8,0.069,0.0,8.799999999999999
2026-05-05 16:00:00+00:00,60,15.7,15.9,0.069,0.0,7.699999999999999
2026-05-05 17:00:00+00:00,59,16.9,18.2,0.069,0.0,8.7
2026-05-05 18:00:00+00:00,53,18.7,21.2,0.069,0.0,9.299999999999999
2026-05-05 19:00:00+00:00,60,18.4,23.3,0.069,0.0,10.399999999999999
2026-05-05 20:00:00+00:00,69,17.2,24.3,0.069,0.0,11.0
2026-05-05 21:00:00+00:00,66,18.0,27.1,0.069,0.0,11.2
2026-05-05 22:00:00+00:00,70,16.8,25.0,0.069,0.0,10.8
2026-05-05 23:00:00+00:00,66,17.9,25.9,0.069,0.0,11.099999999999998
2026-05-06 00:00:00+00:00,63,18.0,24.8,0.069,0.0,10.6
2026-05-06 01:00:00+00:00,70,16.4,21.8,0.069,0.0,10.399999999999999
2026-05-06 02:00:00+00:00,71,16.1,20.4,0.069,0.0,10.3
2026-05-06 03:00:00+00:00,71,16.0,19.0,0.069,0.0,10.2
2026-05-06 04:00:00+00:00,71,15.0,17.1,0.069,0.0,9.2
2026-05-06 05:00:00+00:00,73,14.7,15.6,0.068,0.0,9.299999999999999
2026-05-06 06:00:00+00:00,76,13.0,14.2,0.068,0.0,8.2
2026-05-06 07:00:00+00:00,77,14.1,15.1,0.068,0.0,9.5
2026-05-06 08:00:00+00:00,76,14.2,14.9,0.068,0.0,9.399999999999999
2026-05-06 09:00:00+00:00,80,13.4,14.6,0.068,0.0,9.4
2026-05-06 10:00:00+00:00,85,11.7,13.5,0.068,0.0,8.7
2026-05-06 11:00:00+00:00,89,10.8,12.7,0.068,0.0,8.600000000000001
2026-05-06 12:00:00+00:00,91,9.8,12.0,0.068,0.0,8.0
2026-05-06 13:00:00+00:00,93,9.3,11.7,0.067,0.0,7.9
2026-05-06 14:00:00+00:00,94,9.6,12.4,0.067,0.0,8.4
2026-05-06 15:00:00+00:00,91,13.3,14.2,0.067,0.0,11.5
2026-05-06 16:00:00+00:00,83,16.0,16.3,0.067,0.0,12.6
2026-05-06 17:00:00+00:00,76,16.7,18.6,0.068,0.0,11.899999999999999
2026-05-06 18:00:00+00:00,77,16.8,21.3,0.068,0.0,12.200000000000001
2026-05-06 19:00:00+00:00,74,17.4,24.0,0.068,0.0,12.2
2026-05-06 20:00:00+00:00,72,17.9,26.9,0.068,0.0,12.299999999999999
2026-05-06 21:00:00+00:00,70,18.3,29.2,0.068,0.0,12.3
2026-05-06 22:00:00+00:00,66,18.5,29.3,0.067,0.0,11.7
2026-05-06 23:00:00+00:00,60,19.1,28.6,0.067,0.0,11.100000000000001
2026-05-07 00:00:00+00:00,71,18.2,27.2,0.068,0.0,12.399999999999999
2026-05-07 01:00:00+00:00,74,17.5,24.7,0.068,0.0,12.3
2026-05-07 02:00:00+00:00,76,17.0,22.2,0.068,0.0,12.2
2026-05-07 03:00:00+00:00,78,15.3,19.8,0.068,0.0,10.9
2026-05-07 04:00:00+00:00,82,14.1,17.4,0.067,0.0,10.5
2026-05-07 05:00:00+00:00,87,13.6,16.0,0.067,0.0,11.0
2026-05-07 06:00:00+00:00,88,14.0,15.8,0.067,0.0,11.6
2026-05-07 07:00:00+00:00,89,14.0,15.9,0.067,0.0,11.8
2026-05-07 08:00:00+00:00,90,13.0,14.6,0.066,0.0,11.0
2026-05-07 09:00:00+00:00,91,13.0,14.6,0.066,0.0,11.2
2026-05-07 10:00:00+00:00,93,12.2,14.1,0.066,0.0,10.799999999999999
2026-05-07 11:00:00+00:00,94,12.2,14.4,0.066,0.0,11.0
2026-05-07 12:00:00+00:00,95,11.8,13.8,0.066,0.0,10.8
2026-05-07 13:00:00+00:00,96,11.1,12.6,0.065,0.0,10.299999999999999
2026-05-07 14:00:00+00:00,97,11.1,13.1,0.065,0.0,10.5
2026-05-07 15:00:00+00:00,96,13.9,15.0,0.065,0.0,13.1
2026-05-07 16:00:00+00:00,91,15.4,16.7,0.065,0.0,13.6
2026-05-07 17:00:00+00:00,83,16.4,18.8,0.065,0.0,12.999999999999998
2026-05-07 18:00:00+00:00,78,17.3,21.6,0.065,0.0,12.9
2026-05-07 19:00:00+00:00,76,17.6,24.6,0.065,0.0,12.8
2026-05-07 20:00:00+00:00,75,18.1,27.6,0.066,0.0,13.100000000000001
2026-05-07 21:00:00+00:00,74,18.3,29.8,0.066,0.0,13.100000000000001
2026-05-07 22:00:00+00:00,74,18.1,30.1,0.066,0.0,12.900000000000002
2026-05-07 23:00:00+00:00,75,17.6,29.2,0.066,0.0,12.600000000000001
2026-05-08 00:00:00+00:00,76,17.5,27.1,0.066,0.0,12.7
2026-05-08 01:00:00+00:00,78,16.7,24.6,0.066,0.0,12.299999999999999
2026-05-08 02:00:00+00:00,79,16.7,22.6,0.067,0.0,12.5
2026-05-08 03:00:00+00:00,81,15.9,20.5,0.066,0.0,12.100000000000001
2026-05-08 04:00:00+00:00,86,14.9,19.1,0.065,0.0,12.100000000000001
2026-05-08 05:00:00+00:00,90,14.8,18.5,0.065,0.0,12.8
2026-05-08 06:00:00+00:00,92,14.6,17.6,0.065,0.0,13.0
2026-05-08 07:00:00+00:00,93,14.3,17.1,0.065,0.0,12.9
2026-05-08 08:00:00+00:00,93,14.2,16.6,0.065,0.0,12.799999999999999
2026-05-08 09:00:00+00:00,93,13.5,15.7,0.064,0.0,12.1
2026-05-08 10:00:00+00:00,95,12.5,14.2,0.064,0.0,11.5
2026-05-08 11:00:00+00:00,97,12.9,14.5,0.065,0.0,12.3
2026-05-08 12:00:00+00:00,96,13.8,16.0,0.064,0.0,13.0
2026-05-08 13:00:00+00:00,96,13.8,16.4,0.064,0.0,13.0
2026-05-08 14:00:00+00:00,96,14.0,16.7,0.064,0.0,13.2
2026-05-08 15:00:00+00:00,95,14.5,17.2,0.064,0.0,13.5
2026-05-08 16:00:00+00:00,94,14.7,17.7,0.064,0.0,13.5
2026-05-08 17:00:00+00:00,94,15.0,18.4,0.064,0.0,13.8
2026-05-08 18:00:00+00:00,92,15.4,19.1,0.064,0.0,13.8
2026-05-08 19:00:00+00:00,90,15.9,20.0,0.064,0.0,13.9
2026-05-08 20:00:00+00:00,87,16.6,22.0,0.064,0.0,14.000000000000002
2026-05-08 21:00:00+00:00,81,17.3,24.1,0.064,0.0,13.5
2026-05-08 22:00:00+00:00,75,17.9,26.5,0.065,0.0,12.899999999999999
2026-05-08 23:00:00+00:00,75,18.2,27.3,0.065,0.0,13.2
2026-05-09 00:00:00+00:00,76,17.2,25.7,0.065,0.0,12.399999999999999
2026-05-09 01:00:00+00:00,77,16.7,23.4,0.064,0.0,12.1
2026-05-09 02:00:00+00:00,78,16.2,21.5,0.064,0.0,11.799999999999999
2026-05-09 03:00:00+00:00,80,14.9,19.2,0.064,0.0,10.9
2026-05-09 04:00:00+00:00,86,14.2,17.6,0.064,0.0,11.399999999999999
2026-05-09 05:00:00+00:00,90,14.1,17.0,0.063,0.0,12.1
2026-05-09 06:00:00+00:00,93,13.9,16.6,0.063,0.0,12.5
2026-05-09 07:00:00+00:00,94,13.4,16.3,0.063,0.0,12.200000000000001
2026-05-09 08:00:00+00:00,96,13.0,15.8,0.063,0.0,12.2
2026-05-09 09:00:00+00:00,98,11.7,14.4,0.063,0.0,11.299999999999999
2026-05-09 10:00:00+00:00,99,11.8,15.2,0.063,0.0,11.600000000000001
2026-05-09 11:00:00+00:00,99,12.3,15.8,0.063,0.0,12.100000000000001
2026-05-09 12:00:00+00:00,99,12.7,16.1,0.063,0.0,12.5
2026-05-09 13:00:00+00:00,100,12.6,16.3,0.063,0.0,12.6
2026-05-09 14:00:00+00:00,100,12.5,16.3,0.063,0.0,12.5
2026-05-09 15:00:00+00:00,100,12.9,16.7,0.063,0.0,12.9
2026-05-09 16:00:00+00:00,99,13.6,17.3,0.063,0.0,13.4
2026-05-09 17:00:00+00:00,99,13.6,18.1,0.063,0.0,13.4
2026-05-09 18:00:00+00:00,98,14.0,19.3,0.064,0.0,13.6
2026-05-09 19:00:00+00:00,93,15.2,21.1,0.064,0.0,13.799999999999999
2026-05-09 20:00:00+00:00,89,16.0,24.5,0.064,0.0,13.8
2026-05-09 21:00:00+00:00,83,16.2,24.6,0.064,0.0,12.799999999999999
2026-05-09 22:00:00+00:00,82,16.6,24.8,0.064,0.0,13.000000000000002
2026-05-09 23:00:00+00:00,80,16.7,24.3,0.064,0.0,12.7
2026-05-10 00:00:00+00:00,81,15.9,24.4,0.064,0.0,12.100000000000001
2026-05-10 01:00:00+00:00,80,16.0,22.7,0.064,0.0,12.0
2026-05-10 02:00:00+00:00,81,15.2,20.8,0.064,0.0,11.399999999999999
2026-05-10 03:00:00+00:00,87,14.3,19.0,0.063,0.0,11.700000000000001
2026-05-10 04:00:00+00:00,90,13.9,18.0,0.063,0.0,11.9
2026-05-10 05:00:00+00:00,92,13.8,17.2,0.063,0.0,12.200000000000001
2026-05-10 06:00:00+00:00,93,13.3,15.8,0.063,0.0,11.9
2026-05-10 07:00:00+00:00,95,13.2,16.2,0.063,0.0,12.2
2026-05-10 08:00:00+00:00,98,13.4,16.6,0.063,0.0,13.0
2026-05-10 09:00:00+00:00,99,13.0,16.7,0.063,0.0,12.8
2026-05-10 10:00:00+00:00,100,12.7,16.6,0.063,0.0,12.7
2026-05-10 11:00:00+00:00,100,12.9,16.6,0.063,0.0,12.9
2026-05-10 12:00:00+00:00,100,12.9,16.6,0.063,0.0,12.9
2026-05-10 13:00:00+00:00,99,13.1,16.6,0.063,0.0,12.9
2026-05-10 14:00:00+00:00,99,13.0,16.7,0.063,0.0,12.8
2026-05-10 15:00:00+00:00,99,13.2,17.0,0.063,0.0,13.0
2026-05-10 16:00:00+00:00,98,13.4,17.3,0.063,0.0,13.0
2026-05-10 17:00:00+00:00,97,14.0,18.3,0.063,0.0,13.4
2026-05-10 18:00:00+00:00,94,14.7,19.4,0.063,0.0,13.5
2026-05-10 19:00:00+00:00,88,16.1,21.1,0.063,0.0,13.700000000000001
2026-05-10 20:00:00+00:00,80,16.8,23.1,0.063,0.0,12.8
2026-05-10 21:00:00+00:00,79,17.0,24.5,0.064,0.0,12.8
2026-05-10 22:00:00+00:00,79,16.5,24.9,0.064,0.0,12.3
2026-05-10 23:00:00+00:00,82,16.0,24.0,0.064,0.0,12.4
2026-05-11 00:00:00+00:00,84,15.4,23.0,0.064,0.0,12.2
2026-05-11 01:00:00+00:00,87,14.5,21.5,0.064,0.0,11.9
2026-05-11 02:00:00+00:00,91,13.6,20.0,0.063,0.0,11.799999999999999
2026-05-11 03:00:00+00:00,95,13.0,18.8,0.063,0.0,12.0
2026-05-11 04:00:00+00:00,98,13.1,18.3,0.063,0.0,12.7
2026-05-11 05:00:00+00:00,99,13.0,17.9,0.063,0.0,12.8
2026-05-11 06:00:00+00:00,100,12.8,17.6,0.062,0.0,12.8
2026-05-11 07:00:00+00:00,100,12.7,17.3,0.063,0.0,12.7
2026-05-11 08:00:00+00:00,100,12.8,17.1,0.062,0.0,12.8
2026-05-11 09:00:00+00:00,100,12.8,16.9,0.062,0.0,12.8
2026-05-11 10:00:00+00:00,100,12.6,16.7,0.062,0.0,12.6
2026-05-11 11:00:00+00:00,100,12.5,16.5,0.062,0.0,12.5
2026-05-11 12:00:00+00:00,100,12.5,16.4,0.062,0.0,12.5
2026-05-11 13:00:00+00:00,100,12.3,16.3,0.062,0.0,12.3
2026-05-11 14:00:00+00:00,100,12.3,16.3,0.063,0.0,12.3
2026-05-11 15:00:00+00:00,100,12.4,16.7,0.063,0.0,12.4
2026-05-11 16:00:00+00:00,100,12.7,17.2,0.063,0.0,12.7
2026-05-11 17:00:00+00:00,100,13.0,18.6,0.063,0.0,13.0
2026-05-11 18:00:00+00:00,98,14.4,20.6,0.063,0.0,14.0
2026-05-11 19:00:00+00:00,91,15.4,21.8,0.063,0.0,13.6
2026-05-11 20:00:00+00:00,84,15.7,23.3,0.063,0.0,12.5
2026-05-11 21:00:00+00:00,82,15.7,23.7,0.063,0.0,12.1
2026-05-11 22:00:00+00:00,82,15.4,24.1,0.063,0.0,11.8
2026-05-11 23:00:00+00:00,83,15.4,23.5,0.063,0.0,12.0
2026-05-12 00:00:00+00:00,85,14.9,22.5,0.063,0.0,11.9
2026-05-12 01:00:00+00:00,88,14.7,21.5,0.063,0.0,12.299999999999999
2026-05-12 02:00:00+00:00,90,14.1,20.1,0.062,0.0,12.1
2026-05-12 03:00:00+00:00,92,13.8,19.1,0.062,0.0,12.200000000000001
2026-05-12 04:00:00+00:00,94,13.8,18.5,0.063,0.0,12.600000000000001
2026-05-12 05:00:00+00:00,95,13.9,18.1,0.063,0.0,12.9
2026-05-12 06:00:00+00:00,96,13.7,17.7,0.062,0.0,12.899999999999999
2026-05-12 07:00:00+00:00,96,13.5,17.4,0.062,0.0,12.7
2026-05-12 08:00:00+00:00,98,13.2,17.2,0.062,0.0,12.799999999999999
2026-05-12 09:00:00+00:00,99,13.0,17.0,0.062,0.0,12.8
2026-05-12 10:00:00+00:00,99,12.8,16.8,0.062,0.0,12.600000000000001
2026-05-12 11:00:00+00:00,100,12.7,16.6,0.062,0.0,12.7
2026-05-12 12:00:00+00:00,100,12.5,16.5,0.062,0.0,12.5
2026-05-12 13:00:00+00:00,100,12.2,16.3,0.062,0.0,12.2
2026-05-12 14:00:00+00:00,100,12.1,16.3,0.063,0.0,12.1
2026-05-12 15:00:00+00:00,100,12.4,16.7,0.062,0.0,12.4
2026-05-12 16:00:00+00:00,100,12.4,16.8,0.063,0.0,12.4
2026-05-12 17:00:00+00:00,100,12.8,17.4,0.063,0.0,12.8
2026-05-12 18:00:00+00:00,97,13.8,18.4,0.063,0.0,13.200000000000001
2026-05-12 19:00:00+00:00,92,14.2,18.9,0.063,0.0,12.6
2026-05-12 20:00:00+00:00,89,14.3,19.3,0.063,0.0,12.100000000000001
2026-05-12 21:00:00+00:00,87,14.9,20.1,0.063,0.0,12.3
2026-05-12 22:00:00+00:00,84,15.4,20.4,0.063,0.0,12.2
2026-05-12 23:00:00+00:00,81,16.0,20.4,0.063,0.0,12.2
2026-05-13 00:00:00+00:00,81,15.7,20.0,0.063,0.0,11.899999999999999
2026-05-13 01:00:00+00:00,82,15.6,19.6,0.063,0.0,12.0
2026-05-13 02:00:00+00:00,81,15.6,18.9,0.063,0.0,11.8
2026-05-13 03:00:00+00:00,82,15.3,18.3,0.062,0.0,11.700000000000001
2026-05-13 04:00:00+00:00,84,15.1,17.9,0.062,0.0,11.899999999999999
2026-05-13 05:00:00+00:00,86,15.0,17.6,0.062,0.0,12.2
2026-05-13 06:00:00+00:00,87,14.9,17.3,0.062,0.0,12.3
2026-05-13 07:00:00+00:00,88,14.9,17.2,0.062,0.0,12.5
2026-05-13 08:00:00+00:00,89,14.9,17.1,0.062,0.0,12.7
2026-05-13 09:00:00+00:00,89,14.8,17.1,0.062,0.0,12.600000000000001
2026-05-13 10:00:00+00:00,88,14.9,17.1,0.062,0.0,12.5
2026-05-13 11:00:00+00:00,89,14.8,17.0,0.062,0.0,12.600000000000001
2026-05-13 12:00:00+00:00,89,14.8,17.0,0.063,0.0,12.600000000000001
2026-05-13 13:00:00+00:00,91,14.4,16.8,0.062,0.0,12.6
2026-05-13 14:00:00+00:00,93,14.3,16.8,0.062,0.0,12.9
2026-05-13 15:00:00+00:00,95,14.6,17.1,0.062,0.0,13.6
2026-05-13 16:00:00+00:00,94,15.0,17.7,0.063,0.0,13.8
2026-05-13 17:00:00+00:00,91,16.0,18.8,0.063,0.0,14.2
2026-05-13 18:00:00+00:00,83,17.3,20.9,0.063,0.0,13.9
2026-05-13 19:00:00+00:00,77,17.8,22.2,0.063,0.0,13.200000000000001
2026-05-13 20:00:00+00:00,76,18.2,22.8,0.063,0.0,13.399999999999999
2026-05-13 21:00:00+00:00,73,19.0,24.6,0.063,0.0,13.6
2026-05-13 22:00:00+00:00,71,19.4,26.9,0.063,0.0,13.599999999999998
2026-05-13 23:00:00+00:00,68,19.6,28.4,0.063,0.0,13.200000000000001
2026-05-14 00:00:00+00:00,71,19.2,27.4,0.063,0.0,13.399999999999999
2026-05-14 01:00:00+00:00,72,18.5,24.9,0.063,0.0,12.9
2026-05-14 02:00:00+00:00,75,17.5,22.4,0.062,0.0,12.5
2026-05-14 03:00:00+00:00,79,15.8,19.9,0.062,0.0,11.600000000000001
2026-05-14 04:00:00+00:00,82,15.3,18.6,0.062,0.0,11.700000000000001
2026-05-14 05:00:00+00:00,83,15.4,17.9,0.062,0.0,12.0
2026-05-14 06:00:00+00:00,82,14.5,16.3,0.062,0.0,10.9
2026-05-14 07:00:00+00:00,86,12.8,14.6,0.062,0.0,10.0
2026-05-14 08:00:00+00:00,89,12.1,13.8,0.062,0.0,9.899999999999999
2026-05-14 09:00:00+00:00,91,11.3,13.5,0.062,0.0,9.5
2026-05-14 10:00:00+00:00,93,11.1,13.3,0.062,0.0,9.7
2026-05-14 11:00:00+00:00,95,10.9,12.9,0.062,0.0,9.9
2026-05-14 12:00:00+00:00,96,10.5,12.6,0.062,0.0,9.7
2026-05-14 13:00:00+00:00,97,10.3,12.4,0.062,0.0,9.700000000000001
2026-05-14 14:00:00+00:00,97,10.8,13.1,0.062,0.0,10.200000000000001
2026-05-14 15:00:00+00:00,95,14.5,15.2,0.062,0.0,13.5
2026-05-14 16:00:00+00:00,89,16.1,17.3,0.062,0.0,13.900000000000002
2026-05-14 17:00:00+00:00,83,16.8,19.6,0.062,0.0,13.4
2026-05-14 18:00:00+00:00,79,17.8,22.1,0.062,0.0,13.600000000000001
2026-05-14 19:00:00+00:00,77,17.8,23.7,0.062,0.0,13.200000000000001
2026-05-14 20:00:00+00:00,77,17.6,23.8,0.063,0.0,13.000000000000002
2026-05-14 21:00:00+00:00,76,17.7,23.7,0.062,0.0,12.899999999999999
2026-05-14 22:00:00+00:00,75,18.1,24.7,0.063,0.0,13.100000000000001
2026-05-14 23:00:00+00:00,76,18.1,25.5,0.062,0.0,13.3
2026-05-15 00:00:00+00:00,77,17.7,25.3,0.063,0.0,13.1
2026-05-15 01:00:00+00:00,76,17.3,23.6,0.062,0.0,12.5
2026-05-15 02:00:00+00:00,77,16.9,21.7,0.062,0.0,12.299999999999999
2026-05-15 03:00:00+00:00,81,15.2,19.1,0.062,0.0,11.399999999999999
2026-05-15 04:00:00+00:00,86,14.1,17.3,0.062,0.0,11.3
2026-05-15 05:00:00+00:00,89,14.3,16.8,0.062,0.0,12.100000000000001
2026-05-15 06:00:00+00:00,91,14.3,16.7,0.062,0.0,12.5
2026-05-15 07:00:00+00:00,93,13.7,16.5,0.062,0.0,12.299999999999999
2026-05-15 08:00:00+00:00,95,13.6,16.4,0.062,0.0,12.6
2026-05-15 09:00:00+00:00,96,12.7,15.3,0.062,0.0,11.899999999999999
2026-05-15 10:00:00+00:00,97,13.1,16.2,0.062,0.0,12.5
2026-05-15 11:00:00+00:00,99,12.7,16.3,0.062,0.0,12.5
2026-05-15 12:00:00+00:00,100,12.0,16.0,0.062,0.0,12.0
2026-05-15 13:00:00+00:00,100,11.2,15.2,0.062,0.0,11.2
2026-05-15 14:00:00+00:00,100,11.0,14.9,0.062,0.0,11.0
2026-05-15 15:00:00+00:00,100,13.2,16.5,0.062,0.0,13.2
2026-05-15 16:00:00+00:00,100,13.9,17.1,0.062,0.0,13.9
2026-05-15 17:00:00+00:00,97,14.5,17.9,0.062,0.0,13.9
2026-05-15 18:00:00+00:00,93,15.3,19.2,0.062,0.0,13.9
2026-05-15 19:00:00+00:00,85,17.0,21.6,0.062,0.0,14.0
2026-05-15 20:00:00+00:00,78,17.1,22.1,0.062,0.0,12.700000000000001
2026-05-15 21:00:00+00:00,79,16.5,22.0,0.062,0.0,12.3
2026-05-15 22:00:00+00:00,79,16.9,22.6,0.062,0.0,12.7
2026-05-15 23:00:00+00:00,79,16.8,22.4,0.062,0.0,12.600000000000001
2026-05-16 00:00:00+00:00,80,16.7,22.1,0.062,0.0,12.7
2026-05-16 01:00:00+00:00,79,16.6,21.4,0.062,0.0,12.400000000000002
2026-05-16 02:00:00+00:00,80,16.6,20.8,0.062,0.0,12.600000000000001
2026-05-16 03:00:00+00:00,80,15.8,18.8,0.062,0.0,11.8
2026-05-16 04:00:00+00:00,85,14.0,15.8,0.062,0.0,11.0
2026-05-16 05:00:00+00:00,89,14.0,15.6,0.062,0.0,11.8
2026-05-16 06:00:00+00:00,92,12.7,14.3,0.062,0.0,11.1
2026-05-16 07:00:00+00:00,94,11.9,13.4,0.062,0.0,10.700000000000001
2026-05-16 08:00:00+00:00,96,11.1,12.9,0.062,0.0,10.299999999999999
2026-05-16 09:00:00+00:00,97,10.5,12.6,0.062,0.0,9.9
2026-05-16 10:00:00+00:00,98,10.3,12.3,0.062,0.0,9.9
2026-05-16 11:00:00+00:00,98,9.8,11.8,0.062,0.0,9.4
2026-05-16 12:00:00+00:00,99,9.4,11.7,0.062,0.0,9.200000000000001
2026-05-16 13:00:00+00:00,99,9.2,11.3,0.062,0.0,9.0
2026-05-16 14:00:00+00:00,99,9.8,12.1,0.062,0.0,9.600000000000001
2026-05-16 15:00:00+00:00,98,13.2,14.2,0.062,0.0,12.799999999999999
2026-05-16 16:00:00+00:00,92,16.0,16.5,0.062,0.0,14.4
2026-05-16 17:00:00+00:00,85,16.8,19.1,0.062,0.0,13.8
2026-05-16 18:00:00+00:00,81,17.5,22.1,0.062,0.0,13.7
2026-05-16 19:00:00+00:00,76,18.0,25.4,0.062,0.0,13.2
2026-05-16 20:00:00+00:00,74,18.7,28.2,0.063,0.0,13.5
2026-05-16 21:00:00+00:00,68,19.1,30.3,0.063,0.0,12.700000000000001
2026-05-16 22:00:00+00:00,65,19.5,30.8,0.062,0.0,12.5
2026-05-16 23:00:00+00:00,67,19.2,30.2,0.062,0.0,12.6
2026-05-17 00:00:00+00:00,65,19.5,28.7,0.062,0.0,12.5
2026-05-17 01:00:00+00:00,61,20.1,26.3,0.062,0.0,12.3
2026-05-17 02:00:00+00:00,64,19.2,23.6,0.062,0.0,12.0
2026-05-17 03:00:00+00:00,64,18.2,20.4,0.062,0.0,11.0
2026-05-17 04:00:00+00:00,65,17.1,18.6,0.062,0.0,10.100000000000001
2026-05-17 05:00:00+00:00,70,16.1,17.3,0.061,0.0,10.100000000000001
2026-05-17 06:00:00+00:00,76,14.6,16.0,0.061,0.0,9.8
2026-05-17 07:00:00+00:00,77,14.5,16.3,0.061,0.0,9.9
2026-05-17 08:00:00+00:00,81,12.9,14.6,0.062,0.0,9.100000000000001
2026-05-17 09:00:00+00:00,83,11.6,13.8,0.062,0.0,8.2
2026-05-17 10:00:00+00:00,84,11.7,14.2,0.061,0.0,8.5
2026-05-17 11:00:00+00:00,85,11.4,13.1,0.062,0.0,8.4
2026-05-17 12:00:00+00:00,86,10.3,12.4,0.061,0.0,7.500000000000001
2026-05-17 13:00:00+00:00,89,9.9,11.9,0.061,0.0,7.7
2026-05-17 14:00:00+00:00,91,10.4,12.8,0.061,0.0,8.6
2026-05-17 15:00:00+00:00,87,13.9,14.9,0.062,0.0,11.3
2026-05-17 16:00:00+00:00,75,16.4,16.9,0.062,0.0,11.399999999999999
2026-05-17 17:00:00+00:00,71,17.1,19.4,0.062,0.0,11.3
2026-05-17 18:00:00+00:00,69,17.6,22.1,0.062,0.0,11.400000000000002
2026-05-17 19:00:00+00:00,67,18.4,25.1,0.062,0.0,11.799999999999999
2026-05-17 20:00:00+00:00,62,18.9,28.2,0.062,0.0,11.299999999999999
2026-05-17 21:00:00+00:00,60,19.4,30.5,0.062,0.0,11.399999999999999
2026-05-17 22:00:00+00:00,62,19.0,30.9,0.062,0.0,11.4
2026-05-17 23:00:00+00:00,62,18.9,30.2,0.062,0.0,11.299999999999999
2026-05-18 00:00:00+00:00,64,18.9,28.5,0.062,0.0,11.7
2026-05-18 01:00:00+00:00,69,17.8,25.7,0.062,0.0,11.600000000000001
2026-05-18 02:00:00+00:00,72,17.2,23.1,0.061,0.0,11.6
2026-05-18 03:00:00+00:00,75,16.1,20.5,0.061,0.0,11.100000000000001
2026-05-18 04:00:00+00:00,77,15.5,19.3,0.061,0.0,10.9
2026-05-18 05:00:00+00:00,77,15.5,18.1,0.061,0.0,10.9
2026-05-18 06:00:00+00:00,77,15.1,17.7,0.061,0.0,10.5
2026-05-18 07:00:00+00:00,81,14.5,17.3,0.061,0.0,10.7
2026-05-18 08:00:00+00:00,85,14.1,17.0,0.061,0.0,11.1
2026-05-18 09:00:00+00:00,87,13.5,16.5,0.061,0.0,10.9
2026-05-18 10:00:00+00:00,89,13.0,15.5,0.061,0.0,10.8
2026-05-18 11:00:00+00:00,90,12.1,14.1,0.061,0.0,10.1
2026-05-18 12:00:00+00:00,91,11.6,13.5,0.061,0.0,9.799999999999999
2026-05-18 13:00:00+00:00,92,11.0,13.3,0.061,0.0,9.4
2026-05-18 14:00:00+00:00,93,11.3,14.2,0.061,0.0,9.9
2026-05-18 15:00:00+00:00,91,14.9,16.1,0.061,0.0,13.1
2026-05-18 16:00:00+00:00,82,17.1,17.8,0.061,0.0,13.500000000000002
2026-05-18 17:00:00+00:00,75,18.3,20.2,0.062,0.0,13.3
2026-05-18 18:00:00+00:00,72,19.4,23.0,0.062,0.0,13.799999999999999
2026-05-18 19:00:00+00:00,70,19.6,26.2,0.062,0.0,13.600000000000001
2026-05-18 20:00:00+00:00,69,19.8,29.3,0.062,0.0,13.600000000000001
2026-05-18 21:00:00+00:00,71,19.5,31.5,0.062,0.0,13.7
2026-05-18 22:00:00+00:00,70,19.7,32.0,0.062,0.0,13.7
2026-05-18 23:00:00+00:00,68,19.6,31.0,0.062,0.0,13.200000000000001
2026-05-19 00:00:00+00:00,65,19.8,29.2,0.062,0.0,12.8
2026-05-19 01:00:00+00:00,63,19.7,26.4,0.062,0.0,12.299999999999999
2026-05-19 02:00:00+00:00,54,20.5,24.3,0.061,0.0,11.3
2026-05-19 03:00:00+00:00,48,20.6,22.2,0.061,0.0,10.200000000000001
2026-05-19 04:00:00+00:00,60,17.6,19.1,0.061,0.0,9.600000000000001
2026-05-19 05:00:00+00:00,38,20.0,18.3,0.061,0.0,7.6
2026-05-19 06:00:00+00:00,44,18.0,16.4,0.061,0.0,6.800000000000001
2026-05-19 07:00:00+00:00,70,15.5,15.5,0.061,0.0,9.5
2026-05-19 08:00:00+00:00,74,14.7,15.3,0.061,0.0,9.5
2026-05-19 09:00:00+00:00,77,13.8,14.7,0.061,0.0,9.200000000000001
2026-05-19 10:00:00+00:00,79,14.8,15.4,0.061,0.0,10.600000000000001
2026-05-19 11:00:00+00:00,82,13.5,14.6,0.061,0.0,9.9
2026-05-19 12:00:00+00:00,88,12.0,13.1,0.061,0.0,9.6
2026-05-19 13:00:00+00:00,91,11.7,12.6,0.061,0.0,9.899999999999999
2026-05-19 14:00:00+00:00,94,12.4,13.5,0.061,0.0,11.200000000000001
2026-05-19 15:00:00+00:00,92,15.9,15.9,0.061,0.0,14.3
2026-05-19 16:00:00+00:00,81,18.5,18.3,0.061,0.0,14.7
2026-05-19 17:00:00+00:00,74,19.4,21.1,0.061,0.0,14.2
2026-05-19 18:00:00+00:00,67,20.9,24.0,0.061,0.0,14.299999999999999
2026-05-19 19:00:00+00:00,62,21.6,27.5,0.061,0.0,14.000000000000002
2026-05-19 20:00:00+00:00,67,21.2,30.8,0.061,0.0,14.6
2026-05-19 21:00:00+00:00,69,21.1,33.0,0.061,0.0,14.900000000000002
2026-05-19 22:00:00+00:00,72,20.3,33.3,0.061,0.0,14.700000000000001
2026-05-19 23:00:00+00:00,72,20.0,32.6,0.061,0.0,14.4
2026-05-20 00:00:00+00:00,69,20.1,30.7,0.061,0.0,13.900000000000002
2026-05-20 01:00:00+00:00,70,19.2,27.4,0.061,0.0,13.2
2026-05-20 02:00:00+00:00,72,18.3,24.4,0.061,0.0,12.700000000000001
2026-05-20 03:00:00+00:00,76,17.1,22.0,0.061,0.0,12.3
2026-05-20 04:00:00+00:00,78,16.1,19.1,0.061,0.0,11.700000000000001
2026-05-20 05:00:00+00:00,82,14.7,17.1,0.061,0.0,11.1
2026-05-20 06:00:00+00:00,51,19.8,16.8,0.061,0.0,10.0
2026-05-20 07:00:00+00:00,38,17.7,15.6,0.061,0.0,5.299999999999999
2026-05-20 08:00:00+00:00,38,17.3,14.9,0.061,0.0,4.9
2026-05-20 09:00:00+00:00,45,16.7,14.8,0.061,0.0,5.699999999999999
2026-05-20 10:00:00+00:00,56,13.9,13.6,0.061,0.0,5.1
2026-05-20 11:00:00+00:00,74,13.3,13.2,0.061,0.0,8.100000000000001
2026-05-20 12:00:00+00:00,84,12.4,12.7,0.06,0.0,9.2
2026-05-20 13:00:00+00:00,88,11.3,12.2,0.06,0.0,8.9
2026-05-20 14:00:00+00:00,85,12.1,13.3,0.06,0.0,9.1
2026-05-20 15:00:00+00:00,73,17.4,15.8,0.06,0.0,11.999999999999998
2026-05-20 16:00:00+00:00,47,22.0,18.7,0.06,0.0,11.4
2026-05-20 17:00:00+00:00,71,19.3,21.5,0.061,0.0,13.5
2026-05-20 18:00:00+00:00,68,20.3,24.7,0.061,0.0,13.9
2026-05-20 19:00:00+00:00,55,21.5,28.2,0.061,0.0,12.5
2026-05-20 20:00:00+00:00,47,21.9,31.0,0.061,0.0,11.299999999999999
2026-05-20 21:00:00+00:00,55,21.4,33.1,0.061,0.0,12.399999999999999
2026-05-20 22:00:00+00:00,69,20.3,33.6,0.061,0.0,14.100000000000001
2026-05-20 23:00:00+00:00,72,20.2,32.6,0.06,0.0,14.6
2026-05-21 00:00:00+00:00,74,19.4,30.3,0.061,0.0,14.2
2026-05-21 01:00:00+00:00,75,18.5,27.2,0.061,0.0,13.5
2026-05-21 02:00:00+00:00,78,17.1,24.1,0.061,0.0,12.700000000000001
2026-05-21 03:00:00+00:00,81,16.0,20.9,0.061,0.0,12.2
2026-05-21 04:00:00+00:00,88,14.4,17.7,0.06,0.0,12.0
2026-05-21 05:00:00+00:00,93,14.3,16.5,0.06,0.0,12.9
2026-05-21 06:00:00+00:00,95,14.1,15.7,0.06,0.0,13.1
2026-05-21 07:00:00+00:00,96,13.8,15.0,0.06,0.0,13.0
2026-05-21 08:00:00+00:00,97,13.1,14.4,0.06,0.0,12.5
2026-05-21 09:00:00+00:00,97,13.5,15.5,0.06,0.0,12.9
2026-05-21 10:00:00+00:00,96,13.6,15.0,0.06,0.0,12.799999999999999
2026-05-21 11:00:00+00:00,96,13.6,15.1,0.06,0.0,12.799999999999999
2026-05-21 12:00:00+00:00,96,13.6,15.6,0.06,0.0,12.799999999999999
2026-05-21 13:00:00+00:00,96,13.7,15.9,0.06,0.0,12.899999999999999
2026-05-21 14:00:00+00:00,96,13.9,16.7,0.06,0.0,13.1
2026-05-21 15:00:00+00:00,96,13.5,17.6,0.06,0.0,12.7
2026-05-21 16:00:00+00:00,95,13.7,18.9,0.06,0.0,12.7
2026-05-21 17:00:00+00:00,92,14.2,20.6,0.06,0.0,12.6
2026-05-21 18:00:00+00:00,86,15.5,22.8,0.06,0.0,12.7
2026-05-21 19:00:00+00:00,78,16.8,25.9,0.06,0.0,12.4
2026-05-21 20:00:00+00:00,78,16.7,28.6,0.06,0.0,12.299999999999999
2026-05-21 21:00:00+00:00,80,16.7,30.5,0.06,0.0,12.7
2026-05-21 22:00:00+00:00,80,16.8,31.1,0.06,0.0,12.8
2026-05-21 23:00:00+00:00,81,17.4,30.4,0.06,0.0,13.599999999999998
2026-05-22 00:00:00+00:00,77,18.7,29.3,0.06,0.0,14.1
2026-05-22 01:00:00+00:00,76,18.0,26.4,0.06,0.0,13.2
2026-05-22 02:00:00+00:00,79,16.9,23.7,0.06,0.0,12.7
2026-05-22 03:00:00+00:00,83,15.7,21.4,0.06,0.0,12.299999999999999
2026-05-22 04:00:00+00:00,88,14.0,18.2,0.06,0.0,11.6
2026-05-22 05:00:00+00:00,92,13.5,16.9,0.06,0.0,11.9
2026-05-22 06:00:00+00:00,93,13.9,17.3,0.06,0.0,12.5
2026-05-22 07:00:00+00:00,94,14.1,17.7,0.06,0.0,12.9
2026-05-22 08:00:00+00:00,96,14.0,18.3,0.06,0.0,13.2
2026-05-22 09:00:00+00:00,97,14.1,18.3,0.059,0.0,13.5
2026-05-22 10:00:00+00:00,96,14.0,18.1,0.06,0.0,13.2
2026-05-22 11:00:00+00:00,95,13.5,17.9,0.06,0.0,12.5
2026-05-22 12:00:00+00:00,95,12.7,17.3,0.06,0.0,11.7
2026-05-22 13:00:00+00:00,94,13.2,17.4,0.06,0.0,12.0
2026-05-22 14:00:00+00:00,93,13.2,17.3,0.06,0.0,11.799999999999999
2026-05-22 15:00:00+00:00,93,13.7,17.7,0.06,0.0,12.299999999999999
2026-05-22 16:00:00+00:00,91,14.8,18.8,0.059,0.0,13.0
2026-05-22 17:00:00+00:00,85,16.1,20.0,0.059,0.0,13.100000000000001
2026-05-22 18:00:00+00:00,84,15.5,20.6,0.059,0.0,12.3
2026-05-22 19:00:00+00:00,85,15.9,21.9,0.059,0.0,12.9
2026-05-22 20:00:00+00:00,83,16.8,23.4,0.06,0.0,13.4
2026-05-22 21:00:00+00:00,80,17.2,24.5,0.06,0.0,13.2
2026-05-22 22:00:00+00:00,80,17.1,25.5,0.06,0.0,13.100000000000001
2026-05-22 23:00:00+00:00,78,17.6,27.8,0.06,0.0,13.200000000000001
2026-05-23 00:00:00+00:00,77,17.4,27.2,0.06,0.0,12.799999999999999
2026-05-23 01:00:00+00:00,78,16.9,24.8,0.06,0.0,12.499999999999998
2026-05-23 02:00:00+00:00,80,16.0,22.4,0.06,0.0,12.0
2026-05-23 03:00:00+00:00,84,15.0,20.5,0.059,0.0,11.8
2026-05-23 04:00:00+00:00,87,14.4,19.3,0.06,0.0,11.8
2026-05-23 05:00:00+00:00,89,13.9,18.4,0.059,0.0,11.7
2026-05-23 06:00:00+00:00,91,13.1,16.3,0.059,0.0,11.299999999999999
2026-05-23 07:00:00+00:00,93,12.9,14.9,0.059,0.0,11.5
2026-05-23 08:00:00+00:00,95,13.2,16.1,0.059,0.0,12.2
2026-05-23 09:00:00+00:00,95,13.5,16.9,0.059,0.0,12.5
2026-05-23 10:00:00+00:00,94,13.6,17.0,0.059,0.0,12.4
2026-05-23 11:00:00+00:00,92,13.6,16.9,0.059,0.0,12.0
2026-05-23 12:00:00+00:00,91,13.6,17.0,0.059,0.0,11.799999999999999
2026-05-23 13:00:00+00:00,91,13.1,16.8,0.059,0.0,11.299999999999999
2026-05-23 14:00:00+00:00,94,12.9,16.8,0.059,0.0,11.700000000000001
2026-05-23 15:00:00+00:00,96,13.0,17.3,0.059,0.0,12.2
2026-05-23 16:00:00+00:00,97,13.4,17.9,0.059,0.2,12.8
2026-05-23 17:00:00+00:00,95,14.2,18.7,0.059,0.0,13.2
2026-05-23 18:00:00+00:00,88,15.9,20.3,0.059,0.0,13.5
2026-05-23 19:00:00+00:00,79,16.5,21.1,0.059,0.0,12.3
2026-05-23 20:00:00+00:00,77,16.4,21.9,0.059,0.0,11.799999999999999
2026-05-23 21:00:00+00:00,78,16.7,22.9,0.059,0.0,12.299999999999999
2026-05-23 22:00:00+00:00,77,17.2,24.9,0.059,0.0,12.6
2026-05-23 23:00:00+00:00,74,17.8,27.6,0.059,0.0,12.600000000000001
2026-05-24 00:00:00+00:00,74,17.5,26.9,0.06,0.0,12.3
2026-05-24 01:00:00+00:00,75,16.9,24.4,0.059,0.0,11.899999999999999
2026-05-24 02:00:00+00:00,78,16.0,22.0,0.059,0.0,11.6
2026-05-24 03:00:00+00:00,79,15.0,20.0,0.059,0.0,10.8
2026-05-24 04:00:00+00:00,83,14.3,18.6,0.059,0.0,10.9
2026-05-24 05:00:00+00:00,86,13.2,16.3,0.059,0.0,10.399999999999999
2026-05-24 06:00:00+00:00,90,12.0,14.5,0.059,0.0,10.0
2026-05-24 07:00:00+00:00,91,11.2,13.6,0.059,0.0,9.399999999999999
2026-05-24 08:00:00+00:00,93,10.8,13.1,0.059,0.0,9.4
2026-05-24 09:00:00+00:00,93,10.7,12.9,0.058,0.0,9.299999999999999
2026-05-24 10:00:00+00:00,94,10.5,12.6,0.058,0.0,9.3
2026-05-24 11:00:00+00:00,96,10.4,12.5,0.058,0.0,9.6
2026-05-24 12:00:00+00:00,96,10.9,13.8,0.058,0.0,10.1
2026-05-24 13:00:00+00:00,95,11.9,14.4,0.058,0.0,10.9
2026-05-24 14:00:00+00:00,94,13.2,15.5,0.058,0.0,12.0
2026-05-24 15:00:00+00:00,93,14.3,16.7,0.058,0.0,12.9
2026-05-24 16:00:00+00:00,90,15.0,17.7,0.058,0.0,13.0
2026-05-24 17:00:00+00:00,86,15.5,19.0,0.059,0.0,12.7
2026-05-24 18:00:00+00:00,83,16.0,20.1,0.059,0.0,12.6
2026-05-24 19:00:00+00:00,80,16.4,20.8,0.059,0.0,12.399999999999999
2026-05-24 20:00:00+00:00,77,17.2,21.9,0.059,0.0,12.6
2026-05-24 21:00:00+00:00,74,18.3,26.4,0.059,0.0,13.100000000000001
2026-05-24 22:00:00+00:00,70,18.8,29.9,0.059,0.0,12.8
2026-05-24 23:00:00+00:00,68,18.6,30.0,0.059,0.0,12.200000000000001
2026-05-25 00:00:00+00:00,70,18.1,28.3,0.059,0.0,12.100000000000001
2026-05-25 01:00:00+00:00,71,17.7,25.5,0.059,0.0,11.899999999999999
2026-05-25 02:00:00+00:00,72,16.7,22.7,0.059,0.0,11.1
2026-05-25 03:00:00+00:00,75,15.5,20.4,0.059,0.0,10.5
2026-05-25 04:00:00+00:00,79,14.1,17.4,0.059,0.0,9.899999999999999
2026-05-25 05:00:00+00:00,83,13.3,16.5,0.059,0.0,9.9
2026-05-25 06:00:00+00:00,85,13.9,16.6,0.058,0.0,10.9
2026-05-25 07:00:00+00:00,85,12.9,15.2,0.058,0.0,9.9
2026-05-25 08:00:00+00:00,87,11.7,13.8,0.058,0.0,9.1
2026-05-25 09:00:00+00:00,90,11.1,13.0,0.058,0.0,9.1
2026-05-25 10:00:00+00:00,92,10.6,12.8,0.058,0.0,9.0
2026-05-25 11:00:00+00:00,93,10.1,12.4,0.058,0.0,8.7
2026-05-25 12:00:00+00:00,94,9.7,12.3,0.058,0.0,8.5
2026-05-25 13:00:00+00:00,95,9.1,11.7,0.058,0.0,8.1
2026-05-25 14:00:00+00:00,95,10.0,12.9,0.058,0.0,9.0
2026-05-25 15:00:00+00:00,92,13.5,15.0,0.058,0.0,11.9
2026-05-25 16:00:00+00:00,84,15.8,17.4,0.058,0.0,12.600000000000001
2026-05-25 17:00:00+00:00,79,16.7,20.2,0.058,0.0,12.5
2026-05-25 18:00:00+00:00,77,17.1,22.9,0.058,0.0,12.500000000000002
2026-05-25 19:00:00+00:00,75,18.5,26.1,0.058,0.0,13.5
2026-05-25 20:00:00+00:00,71,19.1,29.2,0.058,0.0,13.3
2026-05-25 21:00:00+00:00,67,19.1,31.4,0.058,0.0,12.500000000000002
2026-05-25 22:00:00+00:00,65,19.1,32.2,0.058,0.0,12.100000000000001
2026-05-25 23:00:00+00:00,63,19.2,31.5,0.058,0.0,11.799999999999999
2026-05-26 00:00:00+00:00,67,18.5,29.7,0.059,0.0,11.9
2026-05-26 01:00:00+00:00,72,17.8,26.6,0.059,0.0,12.200000000000001
2026-05-26 02:00:00+00:00,74,17.1,23.7,0.059,0.0,11.900000000000002
2026-05-26 03:00:00+00:00,75,16.7,21.7,0.059,0.0,11.7
2026-05-26 04:00:00+00:00,75,16.2,19.2,0.059,0.0,11.2
2026-05-26 05:00:00+00:00,75,15.3,17.4,0.058,0.0,10.3
2026-05-26 06:00:00+00:00,76,15.5,17.6,0.058,0.0,10.7
2026-05-26 07:00:00+00:00,78,13.6,15.5,0.058,0.0,9.2
2026-05-26 08:00:00+00:00,81,12.4,14.7,0.058,0.0,8.600000000000001
2026-05-26 09:00:00+00:00,84,13.1,14.6,0.057,0.0,9.899999999999999
2026-05-26 10:00:00+00:00,87,11.2,14.0,0.058,0.0,8.6
2026-05-26 11:00:00+00:00,89,11.3,13.2,0.058,0.0,9.100000000000001
2026-05-26 12:00:00+00:00,91,10.5,12.5,0.057,0.0,8.7
2026-05-26 13:00:00+00:00,92,10.1,12.3,0.057,0.0,8.5
2026-05-26 14:00:00+00:00,91,12.7,14.7,0.057,0.0,10.899999999999999
2026-05-26 15:00:00+00:00,88,13.8,16.1,0.057,0.0,11.4
2026-05-26 16:00:00+00:00,83,14.7,16.7,0.058,0.0,11.299999999999999
2026-05-26 17:00:00+00:00,78,15.6,18.0,0.057,0.0,11.2
2026-05-26 18:00:00+00:00,71,18.1,22.6,0.058,0.0,12.3
2026-05-26 19:00:00+00:00,66,18.3,26.1,0.057,0.0,11.5
2026-05-26 20:00:00+00:00,68,18.1,26.0,0.058,0.0,11.700000000000001
2026-05-26 21:00:00+00:00,73,17.2,26.0,0.058,0.0,11.799999999999999
2026-05-26 22:00:00+00:00,67,19.4,30.4,0.058,0.0,12.799999999999999
2026-05-26 23:00:00+00:00,63,18.9,29.4,0.058,0.0,11.499999999999998
2026-05-27 00:00:00+00:00,64,18.1,27.3,0.058,0.0,10.900000000000002
2026-05-27 01:00:00+00:00,64,17.5,24.5,0.058,0.0,10.3
2026-05-27 02:00:00+00:00,65,16.7,22.0,0.058,0.0,9.7
2026-05-27 03:00:00+00:00,67,15.4,20.0,0.058,0.0,8.8
2026-05-27 04:00:00+00:00,68,14.4,18.7,0.058,0.0,8.0
2026-05-27 05:00:00+00:00,69,13.7,17.8,0.058,0.0,7.499999999999999
2026-05-27 06:00:00+00:00,69,13.4,16.9,0.057,0.0,7.2
2026-05-27 07:00:00+00:00,70,12.8,15.7,0.057,0.0,6.800000000000001
2026-05-27 08:00:00+00:00,73,12.5,14.9,0.057,0.0,7.1
2026-05-27 09:00:00+00:00,72,12.8,14.9,0.057,0.0,7.200000000000001
2026-05-27 10:00:00+00:00,74,11.7,13.9,0.057,0.0,6.499999999999999
2026-05-27 11:00:00+00:00,76,11.3,12.8,0.057,0.0,6.500000000000001
2026-05-27 12:00:00+00:00,77,10.5,11.9,0.057,0.0,5.9
2026-05-27 13:00:00+00:00,77,10.8,11.5,0.057,0.0,6.200000000000001
2026-05-27 14:00:00+00:00,77,11.1,12.4,0.057,0.0,6.5
2026-05-27 15:00:00+00:00,72,14.2,14.7,0.057,0.0,8.6
2026-05-27 16:00:00+00:00,63,15.9,16.9,0.057,0.0,8.5
2026-05-27 17:00:00+00:00,65,16.9,19.7,0.057,0.0,9.899999999999999
2026-05-27 18:00:00+00:00,72,15.9,22.0,0.057,0.0,10.3
2026-05-27 19:00:00+00:00,75,15.7,22.7,0.057,0.0,10.7
2026-05-27 20:00:00+00:00,75,16.1,23.9,0.057,0.0,11.100000000000001
2026-05-27 21:00:00+00:00,72,17.4,29.0,0.057,0.0,11.799999999999999
2026-05-27 22:00:00+00:00,69,17.6,31.0,0.057,0.0,11.400000000000002
2026-05-27 23:00:00+00:00,68,17.6,30.6,0.057,0.0,11.200000000000001
2026-05-28 00:00:00+00:00,72,16.8,28.6,0.057,0.0,11.200000000000001
2026-05-28 01:00:00+00:00,74,16.2,25.5,0.057,0.0,11.0
2026-05-28 02:00:00+00:00,76,15.3,22.5,0.058,0.0,10.5
2026-05-28 03:00:00+00:00,78,14.2,20.4,0.058,0.0,9.799999999999999
2026-05-28 04:00:00+00:00,81,13.8,19.4,0.058,0.0,10.0
2026-05-28 05:00:00+00:00,84,13.5,18.2,0.057,0.0,10.3
2026-05-28 06:00:00+00:00,87,12.5,16.3,0.057,0.0,9.9
2026-05-28 07:00:00+00:00,89,11.5,14.2,0.057,0.0,9.3
2026-05-28 08:00:00+00:00,91,10.7,13.1,0.057,0.0,8.899999999999999
2026-05-28 09:00:00+00:00,92,10.6,13.9,0.057,0.0,9.0
2026-05-28 10:00:00+00:00,92,10.5,13.0,0.057,0.0,8.9
2026-05-28 11:00:00+00:00,93,10.8,12.5,0.057,0.0,9.4
2026-05-28 12:00:00+00:00,94,11.1,13.0,0.056,0.0,9.9
2026-05-28 13:00:00+00:00,96,11.0,12.6,0.056,0.0,10.2
2026-05-28 14:00:00+00:00,96,11.6,13.9,0.056,0.0,10.799999999999999
2026-05-28 15:00:00+00:00,93,13.0,15.5,0.056,0.0,11.6
2026-05-28 16:00:00+00:00,88,14.2,17.2,0.056,0.0,11.799999999999999
2026-05-28 17:00:00+00:00,80,15.8,20.1,0.056,0.0,11.8
2026-05-28 18:00:00+00:00,77,15.5,20.8,0.057,0.0,10.9
2026-05-28 19:00:00+00:00,78,15.6,21.0,0.057,0.0,11.2
2026-05-28 20:00:00+00:00,77,15.7,21.2,0.057,0.0,11.1
2026-05-28 21:00:00+00:00,75,15.7,20.8,0.057,0.0,10.7
2026-05-28 22:00:00+00:00,78,14.5,19.8,0.057,0.0,10.1
2026-05-28 23:00:00+00:00,79,14.7,19.6,0.057,0.0,10.5
2026-05-29 00:00:00+00:00,77,15.1,20.2,0.057,0.0,10.5
2026-05-29 01:00:00+00:00,76,15.0,19.2,0.057,0.0,10.2
2026-05-29 02:00:00+00:00,81,13.6,18.0,0.057,0.0,9.8
2026-05-29 03:00:00+00:00,87,13.2,17.4,0.057,0.0,10.6
2026-05-29 04:00:00+00:00,91,13.0,16.7,0.057,0.0,11.2
2026-05-29 05:00:00+00:00,94,12.9,16.4,0.057,0.0,11.700000000000001
2026-05-29 06:00:00+00:00,96,12.9,16.2,0.057,0.0,12.1
2026-05-29 07:00:00+00:00,98,12.5,15.0,0.057,0.0,12.1
2026-05-29 08:00:00+00:00,99,12.1,15.3,0.057,0.0,11.9
2026-05-29 09:00:00+00:00,99,12.2,15.3,0.057,0.0,12.0
2026-05-29 10:00:00+00:00,98,11.8,14.4,0.056,0.0,11.4
2026-05-29 11:00:00+00:00,98,10.9,12.8,0.056,0.0,10.5
2026-05-29 12:00:00+00:00,98,10.1,11.9,0.056,0.0,9.7
2026-05-29 13:00:00+00:00,99,9.6,11.4,0.056,0.0,9.4
2026-05-29 14:00:00+00:00,99,10.0,12.4,0.056,0.0,9.8
2026-05-29 15:00:00+00:00,97,13.0,14.4,0.056,0.0,12.4
2026-05-29 16:00:00+00:00,93,14.6,16.3,0.056,0.0,13.2
2026-05-29 17:00:00+00:00,87,15.6,18.4,0.056,0.0,13.0
2026-05-29 18:00:00+00:00,79,16.5,21.5,0.056,0.0,12.3
2026-05-29 19:00:00+00:00,74,17.7,25.2,0.056,0.0,12.5
2026-05-29 20:00:00+00:00,70,19.1,28.7,0.056,0.0,13.100000000000001
2026-05-29 21:00:00+00:00,68,19.2,31.2,0.056,0.0,12.799999999999999
2026-05-29 22:00:00+00:00,67,19.2,32.1,0.057,0.0,12.6
2026-05-29 23:00:00+00:00,69,18.8,31.1,0.057,0.0,12.600000000000001
2026-05-30 00:00:00+00:00,68,19.2,29.8,0.057,0.0,12.799999999999999
2026-05-30 01:00:00+00:00,67,19.2,26.9,0.057,0.0,12.6
2026-05-30 02:00:00+00:00,73,17.6,24.0,0.057,0.0,12.200000000000001
2026-05-30 03:00:00+00:00,78,15.9,21.6,0.057,0.0,11.5
2026-05-30 04:00:00+00:00,80,15.4,19.8,0.057,0.0,11.4
2026-05-30 05:00:00+00:00,85,14.7,18.2,0.057,0.0,11.7
2026-05-30 06:00:00+00:00,90,13.3,16.0,0.057,0.0,11.3
2026-05-30 07:00:00+00:00,93,13.1,15.2,0.056,0.0,11.7
2026-05-30 08:00:00+00:00,96,12.2,14.1,0.056,0.0,11.399999999999999
2026-05-30 09:00:00+00:00,97,11.9,13.5,0.056,0.0,11.3
2026-05-30 10:00:00+00:00,97,11.2,13.2,0.056,0.0,10.6
2026-05-30 11:00:00+00:00,97,11.1,12.8,0.056,0.0,10.5
2026-05-30 12:00:00+00:00,96,10.8,12.2,0.056,0.0,10.0
2026-05-30 13:00:00+00:00,96,10.3,12.3,0.056,0.0,9.5
2026-05-30 14:00:00+00:00,96,11.3,13.6,0.055,0.0,10.5
2026-05-30 15:00:00+00:00,92,15.1,15.7,0.055,0.0,13.5
2026-05-30 16:00:00+00:00,81,16.8,17.7,0.055,0.0,13.0
2026-05-30 17:00:00+00:00,75,17.6,20.3,0.056,0.0,12.600000000000001
2026-05-30 18:00:00+00:00,75,17.8,23.3,0.056,0.0,12.8
2026-05-30 19:00:00+00:00,73,18.5,26.7,0.056,0.0,13.1
2026-05-30 20:00:00+00:00,72,18.9,29.7,0.056,0.0,13.299999999999999
2026-05-30 21:00:00+00:00,65,20.0,32.1,0.056,0.0,13.0
2026-05-30 22:00:00+00:00,63,20.5,33.5,0.056,0.0,13.1
2026-05-30 23:00:00+00:00,69,19.9,32.5,0.056,0.0,13.7
2026-05-31 00:00:00+00:00,69,19.5,30.6,0.057,0.0,13.3
2026-05-31 01:00:00+00:00,62,20.1,28.0,0.057,0.0,12.500000000000002
2026-05-31 02:00:00+00:00,60,19.7,25.1,0.056,0.0,11.7
2026-05-31 03:00:00+00:00,64,19.1,22.6,0.056,0.0,11.900000000000002
2026-05-31 04:00:00+00:00,72,17.5,20.4,0.056,0.0,11.9
2026-05-31 05:00:00+00:00,80,15.9,19.0,0.056,0.0,11.9
2026-05-31 06:00:00+00:00,86,15.7,18.1,0.056,0.0,12.899999999999999
2026-05-31 07:00:00+00:00,90,15.7,18.1,0.056,0.0,13.7
2026-05-31 08:00:00+00:00,92,14.2,15.7,0.056,0.0,12.6
2026-05-31 09:00:00+00:00,93,13.3,14.4,0.056,0.0,11.9
2026-05-31 10:00:00+00:00,94,12.5,13.7,0.055,0.0,11.3
2026-05-31 11:00:00+00:00,94,12.4,13.6,0.055,0.0,11.200000000000001
2026-05-31 12:00:00+00:00,94,13.3,14.4,0.055,0.0,12.100000000000001
2026-05-31 13:00:00+00:00,94,13.0,14.2,0.055,0.0,11.8
2026-05-31 14:00:00+00:00,95,13.5,14.7,0.055,0.0,12.5
2026-05-31 15:00:00+00:00,92,16.1,16.8,0.055,0.0,14.500000000000002
2026-05-31 16:00:00+00:00,81,18.7,19.3,0.055,0.0,14.899999999999999
2026-05-31 17:00:00+00:00,76,19.0,22.2,0.055,0.0,14.2
2026-05-31 18:00:00+00:00,76,18.9,25.4,0.055,0.0,14.099999999999998
2026-05-31 19:00:00+00:00,76,19.2,28.3,0.055,0.0,14.399999999999999
2026-05-31 20:00:00+00:00,76,19.4,30.8,0.055,0.0,14.599999999999998
2026-05-31 21:00:00+00:00,75,19.7,33.1,0.055,0.0,14.7
2026-05-31 22:00:00+00:00,71,20.2,33.8,0.055,0.0,14.399999999999999
2026-05-31 23:00:00+00:00,67,20.4,33.0,0.055,0.0,13.799999999999999
2026-06-01 00:00:00+00:00,72,19.6,31.0,0.056,0.0,14.000000000000002
2026-06-01 01:00:00+00:00,70,19.7,28.0,0.056,0.0,13.7
2026-06-01 02:00:00+00:00,74,18.4,25.5,0.056,0.0,13.2
2026-06-01 03:00:00+00:00,76,17.8,23.0,0.056,0.0,13.0
2026-06-01 04:00:00+00:00,78,16.9,21.0,0.056,0.0,12.499999999999998
2026-06-01 05:00:00+00:00,81,16.6,20.2,0.056,0.0,12.8
2026-06-01 06:00:00+00:00,84,16.7,19.6,0.056,0.0,13.5
2026-06-01 07:00:00+00:00,85,16.3,18.9,0.056,0.0,13.3
2026-06-01 08:00:00+00:00,83,16.4,18.4,0.055,0.0,12.999999999999998
2026-06-01 09:00:00+00:00,85,15.9,18.6,0.055,0.0,12.9
2026-06-01 10:00:00+00:00,89,15.3,18.3,0.055,0.0,13.100000000000001
2026-06-01 11:00:00+00:00,91,14.7,17.3,0.054,0.0,12.899999999999999
2026-06-01 12:00:00+00:00,93,13.6,15.4,0.055,0.0,12.2
2026-06-01 13:00:00+00:00,96,12.9,14.5,0.054,0.0,12.1
2026-06-01 14:00:00+00:00,97,13.6,16.6,0.054,0.0,13.0
2026-06-01 15:00:00+00:00,95,15.5,18.0,0.054,0.0,14.5
2026-06-01 16:00:00+00:00,92,16.4,19.5,0.054,0.0,14.799999999999999
2026-06-01 17:00:00+00:00,87,17.1,21.3,0.054,0.0,14.500000000000002
2026-06-01 18:00:00+00:00,80,18.5,25.1,0.055,0.0,14.5
2026-06-01 19:00:00+00:00,74,19.8,28.9,0.054,0.0,14.600000000000001
2026-06-01 20:00:00+00:00,75,19.5,31.7,0.054,0.0,14.5
2026-06-01 21:00:00+00:00,74,19.7,33.4,0.054,0.0,14.5
2026-06-01 22:00:00+00:00,71,20.4,34.1,0.054,0.0,14.599999999999998
2026-06-01 23:00:00+00:00,70,20.4,33.6,0.055,0.0,14.399999999999999
2026-06-02 00:00:00+00:00,75,19.2,31.3,0.055,0.0,14.2
2026-06-02 01:00:00+00:00,78,17.8,27.8,0.055,0.0,13.4
2026-06-02 02:00:00+00:00,80,16.8,24.9,0.055,0.0,12.8
2026-06-02 03:00:00+00:00,84,15.8,22.6,0.055,0.0,12.600000000000001
2026-06-02 04:00:00+00:00,89,14.8,20.4,0.055,0.0,12.600000000000001
2026-06-02 05:00:00+00:00,91,14.4,18.3,0.055,0.0,12.6
2026-06-02 06:00:00+00:00,93,14.1,17.8,0.054,0.0,12.7
2026-06-02 07:00:00+00:00,94,14.3,18.0,0.054,0.0,13.100000000000001
2026-06-02 08:00:00+00:00,95,14.5,18.8,0.054,0.0,13.5
2026-06-02 09:00:00+00:00,96,14.4,19.0,0.054,0.0,13.6
2026-06-02 10:00:00+00:00,96,14.3,18.8,0.054,0.0,13.5
2026-06-02 11:00:00+00:00,96,14.2,18.6,0.054,0.0,13.399999999999999
2026-06-02 12:00:00+00:00,95,14.0,18.4,0.054,0.0,13.0
2026-06-02 13:00:00+00:00,95,13.8,18.1,0.054,0.0,12.8
2026-06-02 14:00:00+00:00,95,14.0,18.3,0.054,0.0,13.0
2026-06-02 15:00:00+00:00,95,14.4,18.7,0.054,0.0,13.4
2026-06-02 16:00:00+00:00,95,14.6,19.0,0.054,0.0,13.6
2026-06-02 17:00:00+00:00,95,14.7,19.2,0.054,0.0,13.7
2026-06-02 18:00:00+00:00,93,15.3,19.9,0.054,0.0,13.9
2026-06-02 19:00:00+00:00,88,16.1,21.5,0.054,0.0,13.700000000000001
2026-06-02 20:00:00+00:00,82,17.2,23.2,0.054,0.0,13.6
2026-06-02 21:00:00+00:00,77,17.9,24.8,0.054,0.0,13.299999999999999
2026-06-02 22:00:00+00:00,75,19.2,28.5,0.054,0.0,14.2
2026-06-02 23:00:00+00:00,75,19.2,30.3,0.054,0.0,14.2
2026-06-03 00:00:00+00:00,74,18.2,29.0,0.054,0.0,13.0
2026-06-03 01:00:00+00:00,76,16.9,25.9,0.055,0.0,12.099999999999998
2026-06-03 02:00:00+00:00,78,16.4,23.2,0.055,0.0,11.999999999999998
2026-06-03 03:00:00+00:00,80,15.8,21.2,0.055,0.0,11.8
2026-06-03 04:00:00+00:00,85,15.1,19.6,0.054,0.0,12.1
2026-06-03 05:00:00+00:00,87,15.3,19.1,0.054,0.0,12.700000000000001
2026-06-03 06:00:00+00:00,89,15.0,18.4,0.054,0.0,12.8
2026-06-03 07:00:00+00:00,91,14.2,17.2,0.054,0.0,12.399999999999999
2026-06-03 08:00:00+00:00,92,14.3,17.5,0.054,0.0,12.700000000000001
2026-06-03 09:00:00+00:00,93,14.6,17.8,0.054,0.0,13.2
2026-06-03 10:00:00+00:00,93,14.5,17.5,0.054,0.0,13.1
2026-06-03 11:00:00+00:00,94,13.9,17.2,0.054,0.0,12.700000000000001
2026-06-03 12:00:00+00:00,95,13.5,17.2,0.054,0.0,12.5
2026-06-03 13:00:00+00:00,96,13.9,17.5,0.054,0.0,13.1
2026-06-03 14:00:00+00:00,95,14.2,17.8,0.054,0.0,13.2
2026-06-03 15:00:00+00:00,94,14.6,18.4,0.054,0.0,13.4
2026-06-03 16:00:00+00:00,92,15.1,19.1,0.054,0.0,13.5
2026-06-03 17:00:00+00:00,92,15.2,19.4,0.054,0.0,13.6
2026-06-03 18:00:00+00:00,90,15.9,20.6,0.054,0.0,13.9
2026-06-03 19:00:00+00:00,88,16.3,22.1,0.054,0.0,13.9
2026-06-03 20:00:00+00:00,83,17.8,25.3,0.054,0.0,14.4
2026-06-03 21:00:00+00:00,77,18.5,27.7,0.054,0.0,13.9
2026-06-03 22:00:00+00:00,75,19.0,29.8,0.054,0.0,14.0
2026-06-03 23:00:00+00:00,75,18.6,29.5,0.054,0.0,13.600000000000001
2026-06-04 00:00:00+00:00,77,17.4,28.5,0.054,0.0,12.799999999999999
2026-06-04 01:00:00+00:00,79,17.0,25.8,0.054,0.0,12.8
2026-06-04 02:00:00+00:00,80,16.9,23.7,0.054,0.0,12.899999999999999
2026-06-04 03:00:00+00:00,83,15.9,21.5,0.054,0.0,12.5
2026-06-04 04:00:00+00:00,87,15.2,19.6,0.054,0.0,12.6
2026-06-04 05:00:00+00:00,90,15.2,18.2,0.054,0.0,13.2
2026-06-04 06:00:00+00:00,92,14.7,17.2,0.054,0.0,13.1
2026-06-04 07:00:00+00:00,94,13.8,16.0,0.054,0.0,12.600000000000001
2026-06-04 08:00:00+00:00,96,14.8,17.2,0.054,0.0,14.0
2026-06-04 09:00:00+00:00,96,15.5,18.2,0.053,0.0,14.7
2026-06-04 10:00:00+00:00,95,15.5,18.5,0.053,0.0,14.5
2026-06-04 11:00:00+00:00,94,15.5,18.6,0.053,0.0,14.3
2026-06-04 12:00:00+00:00,94,15.4,18.6,0.053,0.0,14.200000000000001
2026-06-04 13:00:00+00:00,95,15.0,18.4,0.053,0.0,14.0
2026-06-04 14:00:00+00:00,95,14.9,18.5,0.053,0.0,13.9
2026-06-04 15:00:00+00:00,96,14.9,18.9,0.053,0.0,14.1
2026-06-04 16:00:00+00:00,95,15.3,19.3,0.053,0.0,14.3
2026-06-04 17:00:00+00:00,94,15.7,19.7,0.053,0.0,14.5
2026-06-04 18:00:00+00:00,93,16.2,20.8,0.053,0.0,14.799999999999999
2026-06-04 19:00:00+00:00,90,17.2,23.1,0.053,0.0,15.2
2026-06-04 20:00:00+00:00,83,18.6,27.0,0.053,0.0,15.200000000000001
2026-06-04 21:00:00+00:00,77,19.1,31.3,0.053,0.0,14.500000000000002
2026-06-04 22:00:00+00:00,75,19.4,32.4,0.053,0.0,14.399999999999999
2026-06-04 23:00:00+00:00,75,19.6,32.1,0.053,0.0,14.600000000000001
2026-06-05 00:00:00+00:00,75,19.2,30.7,0.053,0.0,14.2
2026-06-05 01:00:00+00:00,76,18.4,27.5,0.054,0.0,13.599999999999998
2026-06-05 02:00:00+00:00,77,17.7,24.8,0.054,0.0,13.1
2026-06-05 03:00:00+00:00,80,16.5,22.2,0.054,0.0,12.5
2026-06-05 04:00:00+00:00,85,15.4,19.7,0.054,0.0,12.4
2026-06-05 05:00:00+00:00,90,15.4,19.2,0.054,0.0,13.4
2026-06-05 06:00:00+00:00,92,15.4,19.1,0.053,0.0,13.8
2026-06-05 07:00:00+00:00,93,15.2,19.0,0.053,0.0,13.799999999999999
2026-06-05 08:00:00+00:00,95,15.1,19.3,0.053,0.0,14.1
2026-06-05 09:00:00+00:00,97,14.8,19.3,0.053,0.0,14.200000000000001
2026-06-05 10:00:00+00:00,97,14.5,18.9,0.053,0.0,13.9
2026-06-05 11:00:00+00:00,97,14.2,17.8,0.053,0.0,13.6
2026-06-05 12:00:00+00:00,96,14.1,17.1,0.053,0.0,13.299999999999999
2026-06-05 13:00:00+00:00,96,13.8,16.5,0.053,0.0,13.0
2026-06-05 14:00:00+00:00,96,14.3,17.7,0.053,0.0,13.5
2026-06-05 15:00:00+00:00,94,14.7,18.6,0.053,0.0,13.5
2026-06-05 16:00:00+00:00,92,15.0,19.4,0.053,0.0,13.4
2026-06-05 17:00:00+00:00,90,15.5,20.6,0.053,0.0,13.5
2026-06-05 18:00:00+00:00,87,16.2,22.6,0.053,0.0,13.6
2026-06-05 19:00:00+00:00,81,17.6,26.8,0.053,0.0,13.8
2026-06-05 20:00:00+00:00,78,17.8,29.1,0.053,0.0,13.4
2026-06-05 21:00:00+00:00,79,17.4,28.2,0.053,0.0,13.2
2026-06-05 22:00:00+00:00,81,16.9,27.5,0.053,0.0,13.099999999999998
2026-06-05 23:00:00+00:00,81,17.1,26.5,0.053,0.0,13.3
2026-06-06 00:00:00+00:00,81,16.9,25.6,0.053,0.0,13.099999999999998
2026-06-06 01:00:00+00:00,82,16.6,24.1,0.053,0.0,13.000000000000002
2026-06-06 02:00:00+00:00,85,15.6,22.4,0.053,0.0,12.6
2026-06-06 03:00:00+00:00,88,15.0,21.1,0.053,0.0,12.6
2026-06-06 04:00:00+00:00,91,14.4,20.0,0.053,0.0,12.6
2026-06-06 05:00:00+00:00,92,14.1,19.5,0.053,0.0,12.5
2026-06-06 06:00:00+00:00,93,14.1,19.1,0.053,0.0,12.7
2026-06-06 07:00:00+00:00,93,14.1,18.9,0.053,0.0,12.7
2026-06-06 08:00:00+00:00,95,14.1,18.6,0.053,0.0,13.1
2026-06-06 09:00:00+00:00,97,14.0,18.3,0.053,0.0,13.4
2026-06-06 10:00:00+00:00,98,13.7,18.1,0.053,0.0,13.299999999999999
2026-06-06 11:00:00+00:00,99,13.7,17.9,0.053,0.0,13.5
2026-06-06 12:00:00+00:00,99,13.8,17.8,0.053,0.0,13.600000000000001
2026-06-06 13:00:00+00:00,99,13.9,17.8,0.053,0.0,13.700000000000001
2026-06-06 14:00:00+00:00,99,14.4,18.3,0.053,0.0,14.200000000000001
2026-06-06 15:00:00+00:00,98,15.0,18.7,0.053,0.0,14.6
2026-06-06 16:00:00+00:00,96,15.6,19.6,0.052,0.0,14.799999999999999
2026-06-06 17:00:00+00:00,92,17.2,20.6,0.052,0.0,15.6
2026-06-06 18:00:00+00:00,87,17.5,21.8,0.052,0.0,14.9
2026-06-06 19:00:00+00:00,83,18.2,23.4,0.052,0.0,14.799999999999999
2026-06-06 20:00:00+00:00,81,18.4,25.0,0.053,0.0,14.599999999999998
2026-06-06 21:00:00+00:00,79,19.0,26.8,0.053,0.0,14.8
2026-06-06 22:00:00+00:00,76,19.6,31.5,0.053,0.0,14.8
2026-06-06 23:00:00+00:00,76,19.7,31.8,0.052,0.0,14.899999999999999
2026-06-07 00:00:00+00:00,76,19.0,30.1,0.053,0.0,14.2
2026-06-07 01:00:00+00:00,76,18.9,27.4,0.053,0.0,14.099999999999998
2026-06-07 02:00:00+00:00,77,18.2,24.7,0.053,0.0,13.6
2026-06-07 03:00:00+00:00,79,16.6,22.1,0.053,0.0,12.400000000000002
2026-06-07 04:00:00+00:00,84,15.1,19.7,0.053,0.0,11.899999999999999
2026-06-07 05:00:00+00:00,89,14.5,17.8,0.053,0.0,12.3
2026-06-07 06:00:00+00:00,92,13.9,16.2,0.053,0.0,12.3
2026-06-07 07:00:00+00:00,94,13.6,16.0,0.053,0.0,12.4
2026-06-07 08:00:00+00:00,95,12.8,14.9,0.053,0.0,11.8
2026-06-07 09:00:00+00:00,97,12.1,14.5,0.053,0.0,11.5
2026-06-07 10:00:00+00:00,97,12.3,14.6,0.052,0.0,11.700000000000001
2026-06-07 11:00:00+00:00,97,13.6,16.6,0.052,0.0,13.0
2026-06-07 12:00:00+00:00,95,15.1,17.4,0.052,0.0,14.1
2026-06-07 13:00:00+00:00,92,15.6,17.7,0.052,0.0,14.0
2026-06-07 14:00:00+00:00,88,15.9,18.1,0.052,0.0,13.5
2026-06-07 15:00:00+00:00,87,16.3,18.8,0.052,0.0,13.700000000000001
2026-06-07 16:00:00+00:00,85,17.1,20.3,0.052,0.0,14.100000000000001
2026-06-07 17:00:00+00:00,78,18.7,23.2,0.052,0.0,14.299999999999999
2026-06-07 18:00:00+00:00,74,19.3,25.8,0.052,0.0,14.100000000000001
2026-06-07 19:00:00+00:00,72,19.3,27.0,0.052,0.0,13.700000000000001
2026-06-07 20:00:00+00:00,69,19.2,28.3,0.052,0.0,13.0
2026-06-07 21:00:00+00:00,63,19.9,32.6,0.052,0.0,12.499999999999998
2026-06-07 22:00:00+00:00,65,19.7,34.2,0.052,0.0,12.7
2026-06-07 23:00:00+00:00,66,19.4,33.6,0.052,0.0,12.599999999999998
2026-06-08 00:00:00+00:00,70,18.7,31.5,0.052,0.0,12.7
2026-06-08 01:00:00+00:00,69,18.6,27.7,0.053,0.0,12.400000000000002
2026-06-08 02:00:00+00:00,64,18.8,25.6,0.052,0.0,11.600000000000001
2026-06-08 03:00:00+00:00,71,17.4,22.7,0.053,0.0,11.599999999999998
2026-06-08 04:00:00+00:00,76,15.6,19.4,0.053,0.0,10.8
2026-06-08 05:00:00+00:00,80,15.2,17.9,0.053,0.0,11.2
2026-06-08 06:00:00+00:00,84,14.3,16.6,0.053,0.0,11.100000000000001
2026-06-08 07:00:00+00:00,88,13.1,15.6,0.052,0.0,10.7
2026-06-08 08:00:00+00:00,91,13.0,15.3,0.052,0.0,11.2
2026-06-08 09:00:00+00:00,91,12.4,14.8,0.052,0.0,10.6
2026-06-08 10:00:00+00:00,92,12.2,14.9,0.052,0.0,10.6
2026-06-08 11:00:00+00:00,93,12.1,14.0,0.052,0.0,10.7
2026-06-08 12:00:00+00:00,95,11.7,13.5,0.052,0.0,10.7
2026-06-08 13:00:00+00:00,96,11.5,13.2,0.052,0.0,10.7
2026-06-08 14:00:00+00:00,97,11.8,14.3,0.052,0.0,11.200000000000001
2026-06-08 15:00:00+00:00,94,15.1,16.6,0.051,0.0,13.9
2026-06-08 16:00:00+00:00,87,17.4,19.2,0.051,0.0,14.799999999999999
2026-06-08 17:00:00+00:00,80,18.0,22.0,0.051,0.0,14.0
2026-06-08 18:00:00+00:00,77,17.9,24.1,0.051,0.0,13.299999999999999
2026-06-08 19:00:00+00:00,75,18.7,26.6,0.052,0.0,13.7
2026-06-08 20:00:00+00:00,74,18.8,26.2,0.052,0.0,13.600000000000001
2026-06-08 21:00:00+00:00,71,18.8,27.7,0.052,0.0,13.0
2026-06-08 22:00:00+00:00,66,19.4,31.7,0.052,0.0,12.599999999999998
2026-06-08 23:00:00+00:00,64,19.4,32.1,0.052,0.0,12.2
2026-06-09 00:00:00+00:00,65,19.3,30.4,0.052,0.0,12.3
2026-06-09 01:00:00+00:00,65,18.8,27.6,0.052,0.0,11.8
2026-06-09 02:00:00+00:00,73,17.9,24.9,0.052,0.0,12.499999999999998
2026-06-09 03:00:00+00:00,77,17.0,22.5,0.052,0.0,12.4
2026-06-09 04:00:00+00:00,80,15.7,19.6,0.052,0.0,11.7
2026-06-09 05:00:00+00:00,85,15.5,18.4,0.052,0.0,12.5
2026-06-09 06:00:00+00:00,90,15.0,17.6,0.052,0.0,13.0
2026-06-09 07:00:00+00:00,93,13.9,16.5,0.052,0.0,12.5
2026-06-09 08:00:00+00:00,94,13.5,16.1,0.052,0.0,12.3
2026-06-09 09:00:00+00:00,94,13.1,15.7,0.052,0.0,11.9
